Id,Title,Description,Author,Platform,Url,Genre,ContentHashTag,View,Rating,BookMarkCount,LikeCount,Type,IsEnd,ImgUrl
1,공포소설 속 조연은 사람으로 살고 싶다,"공포소설 속 조연은 사람으로 살고 싶다 작품소개: 정신을 차려보니 웹소설 조연에 빙의했다. 문제는 이 소설이 끔찍한 공포소설이란 점! 정체불명의 신들과 마수들이 넘쳐나고 세계관 최약체가 바로 인간인 세상. 앞으로 망할 세계에서 이미 망해버린 가문의 적자 '아렌하이트 하르트만'의 몸으로 빙의한 주인공은 자신의 가문이 비밀스러운 주술과 엮여있는 걸 알게 되는데. ""인간으로, 인간답게. 그렇게 살아남을 거야.""...",인간추출기,리디,https://ridibooks.com/books/2655001154?_rdt_sid=category_bestsellers&_rdt_idx=7&_rdt_arg=1750,정통 판타지,"#RIDI_ONLY#정통판타지#아포칼립스#이세계#회귀물#빙의물#착각물#생존물#차원이동물#희생캐#외유내강캐#사연캐#리다무#웹소설#연재중#평점4점이상#리뷰500개이상#별점500개이상#피폐물",0.0,4.9,0,2911,NOVEL,NOT,https://img.ridicdn.net/cover/2655003241/xxlarge#1
2,회귀자들이 나를 죽이려 한다,"회귀자들이 나를 죽이려 한다 작품소개: 세상을 구원하기 위해 키운 내 제자들.그 제자들이 회귀해서 날 죽이려 한다.""제 우상이자 영웅이자 태양일 때, 제 손으로 죽여드리겠습니다. 그대의 명예를 위해서!""조금만 기다려라.내가 너희들을 다 제정신으로 만들어 줄 테니까....",방울뱀,리디,https://ridibooks.com/books/2655003024?_rdt_sid=category_bestsellers&_rdt_idx=1&_rdt_arg=1750,현대 판타지,"#RIDI_ONLY#현대판타지#회귀물#환생물#착각물#성장물#탑등반물#성좌물#절대선#얼굴천재#먼치킨#헌터#리다무#웹소설#연재중#평점4점이상#리뷰500개이상#별점500개이상#사이다물",0.0,4.9,0,222,NOVEL,NOT,https://img.ridicdn.net/cover/2655003245/xxlarge#1
3,장남은 축구가 간절하다,"장남은 축구가 간절하다 작품소개: 인간 승리의 상징, 대기만성형.하지만 기억엔 남지 않는 그저그런 선수.고아였던 윤태양에게 축구란 후회의 연속이었다.그런데 어느 날 일어난 기적.내가 여섯 살로 돌아왔다니!거기다 오남매의 장남?회귀한 그가 가족들을 살리고, 장남이 되었을 때...“아, 축구 마렵다…….”윤태양은 축구가 간절해졌다.[장남은 축구가 간절하다]...",네딸아빠,리디,https://ridibooks.com/books/2057271229?_rdt_sid=category_bestsellers&_rdt_idx=6&_rdt_arg=1750,현대 판타지,"#현대판타지#회귀물#성장물#스포츠물#천재#리다무#웹소설#연재완결#평점4점이상",0.0,4.6,0,148,NOVEL,END,https://img.ridicdn.net/cover/2057271229/xxlarge#1
4,착한 일을 하면 복을 받음¿,"착한 일을 하면 복을 받음¿ 작품소개: -착한 일을 하면 복을 받음¿-사회적 기준에 부합하는 행동을 했을 경우 사용자 ‘정다온’의 제한을 약화시킵니다.착한 일을 하면 복을 받는다고?전생이 마왕인데도?파란만장한 마왕의 삶을 마감하고 현대 지구에 환생한 지 19년차.시스템에게 걸려 강제로 헌터가 되어버렸다.심지어 착한 일을 해야 본래의 능력치를 되찾을 수 있다고?""음...나쁜 놈들을 때려죽이는 것도...",세르페,리디,https://ridibooks.com/books/5561000001?_rdt_sid=category_bestsellers&_rdt_idx=8&_rdt_arg=1750,현대 판타지,"#RIDI_ONLY#현대판타지#퓨전판타지#동료/케미#환생물#상태창/시스템#성장물#차원이동물#빌런캐#사연캐#천재#먼치킨#헌터#마법사#마왕#리다무#웹소설#연재중#평점4점이상#리뷰500개이상#별점500개이상#코믹/개그물",0.0,4.9,0,910,NOVEL,NOT,https://img.ridicdn.net/cover/5561000152/xxlarge#1
5,백작가의 망나니가 되었다,"백작가의 망나니가 되었다 작품소개: 눈을 떠보니 소설 속이었다.그것도 망나니로 유명한 백작가 도련님 몸으로.하지만,그렇다고 망나니가 될 순 없잖아?...",유려한,리디,https://ridibooks.com/books/875103701?_rdt_sid=category_bestsellers&_rdt_idx=3&_rdt_arg=1750,퓨전 판타지,"#퓨전판타지#빙의물#착각물#희생캐#망나니#외유내강캐#왕족/귀족#리다무#웹소설#연재중#평점4점이상#리뷰500개이상#별점500개이상#피폐물",0.0,4.8,0,28626,NOVEL,NOT,https://img.ridicdn.net/cover/875167688/xxlarge#1
6,세상만 구하고 은퇴하겠습니다,"세상만 구하고 은퇴하겠습니다 작품소개: 멸망 직전, 정신을 차리니 20년 전 과거로 돌아왔다.안온한 정년퇴직을 위해서는 반드시 멸망을 막아야 한다....",밀렘,리디,https://ridibooks.com/books/1534129159?_rdt_sid=category_bestsellers&_rdt_idx=4&_rdt_arg=1750,현대 판타지,"#RIDI_ONLY#현대판타지#학원/아카데미#동료/케미#회귀물#성장물#사연캐#얼굴천재#천재#헌터#마법사#리다무#웹소설#연재중#평점4점이상#리뷰500개이상#별점500개이상#사이다물#피폐물",0.0,4.8,0,5972,NOVEL,NOT,https://img.ridicdn.net/cover/1534155332/xxlarge#1
7,트립한국 1933 호주에서 시작하다,트립한국 1933 호주에서 시작하다 작품소개: 1933년 1월 1일.호주에 남한이 붙었다....,적운창,리디,https://ridibooks.com/books/425449933?_rdt_sid=category_bestsellers&_rdt_idx=9&_rdt_arg=1750,현대 판타지,"#리다무#웹소설#연재완결",0.0,4.3,0,51,NOVEL,END,https://img.ridicdn.net/cover/425449933/xxlarge#1
8,명문고 EX급 조연의 리플레이,"명문고 EX급 조연의 리플레이 작품소개: 국민망겜 최종장을 클리어했더니 게임 속 이름 없는 조연이 되었다.규격 외 측정불가, 미지의 등급인 EX급 조연이....",기월월,리디,https://ridibooks.com/books/1377070427?_rdt_sid=category_bestsellers&_rdt_idx=2&_rdt_arg=1750,퓨전 판타지,"#퓨전판타지#학원/아카데미#동료/케미#빙의물#상태창/시스템#성장물#외유내강캐#헌터#리다무#웹소설#연재중#평점4점이상#리뷰500개이상#별점500개이상",0.0,4.7,0,12221,NOVEL,NOT,https://img.ridicdn.net/cover/1377119698/xxlarge#1
9,이세계 착각 헌터,이세계 착각 헌터 작품소개: [나는 F급 헌터로 환생했다....쟤들이 그렇게 취급을 안 해줘서 문제지.]...,대대원,리디,https://ridibooks.com/books/5211000001?_rdt_sid=category_bestsellers&_rdt_idx=0&_rdt_arg=1750,현대 판타지,"#RIDI_ONLY#현대판타지#이세계#빙의물#착각물#헌터#리다무#웹소설#연재중#평점4점이상#리뷰500개이상#별점500개이상",0.0,4.9,0,11636,NOVEL,NOT,https://img.ridicdn.net/cover/5211000413/xxlarge#1
10,블랙기업조선,"블랙기업조선 작품소개: 밀리터리, 스팀펑크 등등 온갖 덕질에 미친 잡덕후가 환생했다.그런데 아버지가 세종대왕?덕질에 능한 군주와 덕질에 미친 아들,그리고 갈려 나가는 대신들과 수많은 인간들....",국뽕,리디,https://ridibooks.com/books/2749013034?_rdt_sid=category_bestsellers&_rdt_idx=5&_rdt_arg=1750,퓨전 판타지,"#퓨전판타지#빙의물#전쟁물#차원이동물#계략캐#천재#왕족/귀족#리다무#웹소설#연재중#평점4점이상#리뷰500개이상#별점500개이상#코믹/개그물#사이다물",0.0,4.5,0,3034,NOVEL,NOT,https://img.ridicdn.net/cover/2749038333/xxlarge#1
11,신선배송으로 인생역전,신선배송으로 인생역전 작품소개: [신선배송! 신선배송!]“배송이 완료되었습니다.”우리 식당에서는 S급 재료를 사용합니다....,해묘(亥猫),리디,https://ridibooks.com/books/425448662?_rdt_sid=category_bestsellers&_rdt_idx=10&_rdt_arg=1750,현대 판타지,"#리다무#웹소설#연재중#평점4점이상#리뷰100개이상#별점100개이상",0.0,4.6,0,162,NOVEL,NOT,https://img.ridicdn.net/cover/425454946/xxlarge#1
12,내 분신이 거물이 되어간다,"내 분신이 거물이 되어간다 작품소개: 대륙의 공포- 불사왕이 절망을 불러오고, 신의 뜻을 받드는 빛의 기사가 이에 맞선다.혼란의 시대에 준동하는 수많은 영웅들.그리고 갑작스레 지구에 등장한 정체불명의 강자들까지!그런데,그게 전부 나였다.…정확히는 이세계에 보냈던 내 분신들이었다.#본의 아니게 세상의 흑막이 되어간다.#어쩌다보니 마왕도 용사도 전부 나.#1인 n역...",실험샘플,리디,https://ridibooks.com/books/425356762?_rdt_sid=category_bestsellers&_rdt_idx=62&_rdt_arg=1750,현대 판타지,"#현대판타지#웹소설#연재중#평점4점이상",0.0,4.7,0,178,NOVEL,NOT,https://img.ridicdn.net/cover/425454933/xxlarge#1
13,금선비록,금선비록 작품소개: 주인공 이환은 자신의 혈맥을 각성하는데 실패하는데 이것이 약혼녀와 그녀의 아버지 대장로의 조작임을 알게되어 복수를 갈망하다 우연히 아버지의 유일한 유산인 목걸이를 통해 지존신전에 들어 가면서 무공의 세계에 빠져 든다. 하지만 그곳에 있던 구양지존의 잔혼에게서 자신에게 무공을 배우면 10년 안에 자신의 원수를 죽이던지 아니면 상대에게 발각되어 죽을 수 밖에 ...,권신,리디,https://ridibooks.com/books/4697000648?_rdt_sid=category_bestsellers&_rdt_idx=65&_rdt_arg=1750,무협 소설,"#리다무#웹소설#연재중",0.0,4.8,0,26,NOVEL,NOT,https://img.ridicdn.net/cover/4697002757/xxlarge#1
14,아니요. 떡볶이집 할 건데요,아니요. 떡볶이집 할 건데요 작품소개: 불우한 환경 때문에 방황하던 윤성의 앞에 나타난 수상한 남자.파란 머리를 지닌 그는 스스로를 ‘용의 일족’이라 소개하고 윤성에게 아버지가 남긴 목걸이를 요구한다.거절하는 윤성에게 소원성취를 도와줄테니 목걸이가 필요한 일을 도와달라고 하는데.“그 일이 귀신을 때려잡는 일이라고는 안 했잖아요!”떡볶이나 팔며 한가하게 살고 싶은 윤성에게 다가온 일생일대의 기회이...,fides,리디,https://ridibooks.com/books/3586059969?_rdt_sid=category_bestsellers&_rdt_idx=68&_rdt_arg=1750,현대 판타지,"#리다무#웹소설#연재완결#평점4점이상",0.0,4.7,0,142,NOVEL,END,https://img.ridicdn.net/cover/3586059969/xxlarge#1
15,매국노의 원수 자식,"매국노의 원수 자식 작품소개: 독립유공자 후손인 내가 이완용의 아들로 태어난 것도 황당한데, 난데없이 미국 가서 사관학교에 들어가라니?!할 수 없군, 이렇게 된 이상 미군 사령관까지 돼서 매국노는 물론이고 일제와 나치스 참교육 가즈아!!#폭발#재벌#혐성#개발#아카데미#블랙코미디...",슈가트,리디,https://ridibooks.com/books/425247359?_rdt_sid=category_bestsellers&_rdt_idx=66&_rdt_arg=1750,퓨전 판타지,"#퓨전판타지#전쟁물#군인#웹소설#연재중#평점4점이상",0.0,4.6,0,152,NOVEL,NOT,https://img.ridicdn.net/cover/425454937/xxlarge#1
16,따라 하기 천재는 스트리머,"따라 하기 천재는 스트리머 작품소개: 사고로 왼쪽 눈을 이식 받았다.그랬더니 모든 것을 따라 할 수 있는 능력이 생겼다?눈을 이식 받기 위해서 생긴 3억이란 빚을 갚기 위해서.보육원 출신에 고졸인 내가 할 수 있는 일은 하나뿐!그렇게 인터넷 방송을 시작해 미믹이 되었다.- 아니, 저걸 어떻게 하지?""아니, 이걸 왜 못하죠?""- 저건 못 따라 하겠지.""되는데요?""- ...아 쫌!모두가 불가능하다...",신필,리디,https://ridibooks.com/books/2107133331?_rdt_sid=category_bestsellers&_rdt_idx=64&_rdt_arg=1750,현대 판타지,"#리다무#웹소설#연재완결",0.0,4.4,0,14,NOVEL,END,https://img.ridicdn.net/cover/2107133331/xxlarge#1
17,나 혼자 초월급 네크로맨서,나 혼자 초월급 네크로맨서 작품소개: 무능력하게 살다가 네크로맨서로 각성했다.그런데 내 스켈레톤들이 너무 강하다....,앱솔,리디,https://ridibooks.com/books/1377117758?_rdt_sid=category_bestsellers&_rdt_idx=63&_rdt_arg=1750,퓨전 판타지,"#퓨전판타지#상태창/시스템#성장물#얼굴천재#천재#먼치킨#네크로맨서#리다무#웹소설#연재중",0.0,3.0,0,29,NOVEL,NOT,https://img.ridicdn.net/cover/1377119692/xxlarge#1
18,야구랑 연애를 잘함,야구랑 연애를 잘함 작품소개: 영원한 행복을 찾아 떠나는 바보의 이야기...,강산(江山),리디,https://ridibooks.com/books/1007099806?_rdt_sid=category_bestsellers&_rdt_idx=70&_rdt_arg=1750,현대 판타지,"#리다무#웹소설#연재완결",0.0,0.0,0,10,NOVEL,END,https://img.ridicdn.net/cover/1007099806/xxlarge#1
19,귀농 후 조물주의 건물주가 되었다,귀농 후 조물주의 건물주가 되었다 작품소개: 귀농을 했더니 조물주들의 건물주가 되었다.성준의 유유자적 힐링을 넘은 초과회복 라이프....,글고블린,리디,https://ridibooks.com/books/425448160?_rdt_sid=category_bestsellers&_rdt_idx=60&_rdt_arg=1750,현대 판타지,"#리다무#웹소설#연재중#평점4점이상#리뷰100개이상#별점100개이상",0.0,4.7,0,213,NOVEL,NOT,https://img.ridicdn.net/cover/425452713/xxlarge#1
20,"조선, 혁명의 시대","조선, 혁명의 시대 작품소개: 때는 19세기 말, 제국주의 시대.강자가 약자를 병탄하는 걸 당연하게 여기는 약육강식과,변화하는 환경에 적응하는 존재만이 살아남을 수 있다 여겼던 적자생존의 시대.1880년, 완화군 이선이 된 미래의 역사학도.""절대 죽지 않는다. 반드시 살아남는다. 나 이선도, 이 나라 조선도!""...",태사령,리디,https://ridibooks.com/books/3228011048?_rdt_sid=category_bestsellers&_rdt_idx=67&_rdt_arg=1750,퓨전 판타지,"#퓨전판타지#회귀물#전쟁물#계략캐#왕족/귀족#웹소설#연재중#평점4점이상",0.0,4.3,0,342,NOVEL,NOT,https://img.ridicdn.net/cover/3228078081/xxlarge#1
21,무신급 막내가 되었다,무신급 막내가 되었다 작품소개: 무림맹에 역대급 막내가 들어왔다....,소판양,리디,https://ridibooks.com/books/2065109853?_rdt_sid=category_bestsellers&_rdt_idx=61&_rdt_arg=1750,무협 소설,"#리다무#웹소설#연재완결#평점4점이상#리뷰100개이상#별점100개이상",0.0,4.8,0,103,NOVEL,END,https://img.ridicdn.net/cover/2065109853/xxlarge#1
22,역대급 스피드의 축구천재,"역대급 스피드의 축구천재 작품소개: 뒤늦게 뛰어든 축구판.그런데... 나보다 잘하는 사람도, 나보다 빠른 사람도 없다?...",얼음강철,리디,https://ridibooks.com/books/2065100811?_rdt_sid=category_bestsellers&_rdt_idx=69&_rdt_arg=1750,현대 판타지,"#현대판타지#천재#먼치킨#운동선수#웹소설#연재중#평점4점이상#리뷰100개이상#별점100개이상",0.0,4.8,0,132,NOVEL,NOT,https://img.ridicdn.net/cover/2065113327/xxlarge#1
23,발연기돌로 시작하는 천재배우,"발연기돌로 시작하는 천재배우 작품소개: 대한민국 자타공인 최고 천재배우.눈 떠보니 아이돌 출신 발연기 배우 몸으로 들어왔다.'배우 중에서도 이런 얼굴은 흔치 않은데?'하지만 대중들의 시선은 차갑기만 하다.상관없다.현기증 난단 말이에요. 영화든 드라마든 빨리 배역 주세요.다시 한번 얻은 기회.연기의 끝, 도달할 수 있을까?...",글자재,리디,https://ridibooks.com/books/5552000001?_rdt_sid=category_bestsellers&_rdt_idx=120&_rdt_arg=1750,현대 판타지,"#RIDI_ONLY#현대판타지#동료/케미#빙의물#상태창/시스템#계략캐#얼굴천재#천재#배우#리다무#웹소설#연재중#평점4점이상#리뷰500개이상#별점500개이상#코믹/개그물#사이다물",0.0,4.8,0,345,NOVEL,NOT,https://img.ridicdn.net/cover/5552000236/xxlarge#1
24,1592 모두가 꿈꾼 제국,1592 모두가 꿈꾼 제국 작품소개: 임진왜란 시기의 조선으로 타임 리프했다.그러나 동시대에서도 상위권 국가체계를 완성한 조선에서 한낱 개인이 할 수 있는 것은 없었다.'그렇다면 차라리 연해주로 가자.'...,저스티츠,리디,https://ridibooks.com/books/1377115712?_rdt_sid=category_bestsellers&_rdt_idx=128&_rdt_arg=1750,퓨전 판타지,"#퓨전판타지#리다무#웹소설#연재중",0.0,3.3,0,55,NOVEL,NOT,https://img.ridicdn.net/cover/1377119548/xxlarge#1
25,멕시코 제국 황태자가 되었다,"멕시코 제국 황태자가 되었다 작품소개: 멕시코의 독립을 이끈 영광스러운 황제, 아구스틴 1세의 장남이 되었다.그의 재위 기간은 단 10달!후… 이렇게 된 이상 미국을 공격한다!...",폭우(暴雨),리디,https://ridibooks.com/books/425425044?_rdt_sid=category_bestsellers&_rdt_idx=126&_rdt_arg=1750,퓨전 판타지,"#퓨전판타지#웹소설#연재중",0.0,4.6,0,49,NOVEL,NOT,https://img.ridicdn.net/cover/425454938/xxlarge#1
26,시한부라 은퇴합니다,"시한부라 은퇴합니다 작품소개: ""대체 몇 년째냐고!""회사에 사표를 던진 지도 몇 년째.그리고 사표 수리 거부를 당한 지도 몇 년 째다.난 은퇴가 하고 싶었다.""야 이 정도면 니가 죽어야 놔주겠는데?""""뭐? 죽어야?""그래서 결정했다.시한부가 되기로....",해달수,리디,https://ridibooks.com/books/2378062653?_rdt_sid=category_bestsellers&_rdt_idx=122&_rdt_arg=1750,퓨전 판타지,"#RIDI_ONLY#퓨전판타지#리다무#웹소설#연재중#평점4점이상#리뷰500개이상#별점500개이상",0.0,4.8,0,431,NOVEL,NOT,https://img.ridicdn.net/cover/2378068197/xxlarge#1
27,슬기로운 천마님의 감빵생활,"슬기로운 천마님의 감빵생활 작품소개: 천외천(天外天) 서혁(徐赫), 천마신교(天魔神敎)의 칠대 천마.우화등선(羽化登仙)하려다 우매(愚昧)한 등신(等神)의 몸으로 회귀했다.그리고 지금.상단전(上丹田)에 자리 잡은 몸뚱이 주인의 영(靈)과 함께 수감생활을 시작했다.마기충만(魔氣充滿)한 서부교도소에서 패왕의 길을 다시 시작할 수 있을까?...",쫑부장,리디,https://ridibooks.com/books/4181012514?_rdt_sid=category_bestsellers&_rdt_idx=127&_rdt_arg=1750,현대 판타지,"#현대판타지#회귀물#망나니#천마#리다무#웹소설#연재완결",0.0,4.0,0,10,NOVEL,END,https://img.ridicdn.net/cover/4181012514/xxlarge#1
28,승소율 99.9% 동네 변호사,"승소율 99.9% 동네 변호사 작품소개: 고객 만족률 100%, 승소율 99.9%.우리 동네에는 천재 변호사 최도진이 있다....",유니크K,리디,https://ridibooks.com/books/2065111256?_rdt_sid=category_bestsellers&_rdt_idx=124&_rdt_arg=1750,현대 판타지,"#리다무#웹소설#연재완결",0.0,5.0,0,40,NOVEL,END,https://img.ridicdn.net/cover/2065111256/xxlarge#1
29,반월당의 기묘한 이야기,"반월당의 기묘한 이야기 작품소개: -웹툰 예정작-지금도 이 땅 위를 떠도는 옛이야기 속 수많은 괴이(怪異)들. 괴이에 홀린 인간들은 전통상점 반월당의 신령한 여우요괴를 찾아가 도움을 청했다고 한다. 귀신을 보는 고등학생 유단과 이매망량을 다스리는 여우 백란, 반월당의 요괴 점원들이 들려주는 기묘한 이야기들....",정연,리디,https://ridibooks.com/books/4621000474?_rdt_sid=category_bestsellers&_rdt_idx=130&_rdt_arg=1750,현대 판타지,"#현대판타지#동료/케미#성장물#사연캐#웹소설#연재중#평점4점이상#리뷰500개이상#별점500개이상",0.0,4.9,0,3499,NOVEL,NOT,https://img.ridicdn.net/cover/4621002812/xxlarge#1
30,모용세가 망나니,"모용세가 망나니 작품소개: 복수를 위해 동귀어진도 불사했다.모든 게 끝날 거라 생각했다.근데 정신을 차리니 내가 어린 가주의 몸에 빙의됐다고?그것도 하필 다 망해가는 모용세가의...?아직 복수는 끝나지 않았다.가진 건 다 망해가는 모용세가의 이름뿐이지만.그래, 이거라도 어디야! 이렇게 된 거 상부상조 해보자고!...",김이무기,리디,https://ridibooks.com/books/4186011852?_rdt_sid=category_bestsellers&_rdt_idx=121&_rdt_arg=1750,무협 소설,"#RIDI_ONLY#동료/케미#빙의물#성장물#경영물#빌런캐#망나니#계략캐#얼굴천재#천재#먼치킨#리다무#웹소설#연재중#평점4점이상#리뷰500개이상#별점500개이상#코믹/개그물#사이다물",0.0,4.8,0,501,NOVEL,NOT,https://img.ridicdn.net/cover/4186016750/xxlarge#1
31,천재로 돌아왔다,"천재로 돌아왔다 작품소개: 따돌림당하던 아이돌이 회귀했다?!회귀하고 보니 노래, 춤, 프로듀싱 다 잘해.대체 못하는 게 뭐야?""이번 생은 눈치 보지 않고 내 재능을 전부 발휘할 테다.""천재로 돌아왔다....",강선우,리디,https://ridibooks.com/books/2057192629?_rdt_sid=category_bestsellers&_rdt_idx=129&_rdt_arg=1750,현대 판타지,"#현대판타지#회귀물#연예계물#천재#먼치킨#웹소설#연재중#평점4점이상#리뷰100개이상#별점100개이상#사이다물",0.0,4.3,0,423,NOVEL,NOT,https://img.ridicdn.net/cover/2057273115/xxlarge#1
32,이동 요새로 아포칼립스 살아남기,이동 요새로 아포칼립스 살아남기 작품소개: 이불 밖 세상이 위험하다고?그럼 이불째로 움직이면 그만.악마의 침공으로 멸망한 세계에서 회귀한 주인공.지난번의 실패를 거름 삼아 점점 더 강해지는 '이동 요새'와 함께 다시 일어선다....,스타퍼,리디,https://ridibooks.com/books/2065108045?_rdt_sid=category_bestsellers&_rdt_idx=123&_rdt_arg=1750,퓨전 판타지,"#퓨전판타지#생존물#성장물#먼치킨#리다무#웹소설#연재완결#평점4점이상#리뷰100개이상#별점100개이상",0.0,4.7,0,103,NOVEL,END,https://img.ridicdn.net/cover/2065108045/xxlarge#1
33,특이점으로 압도한다,"특이점으로 압도한다 작품소개: 오픈AI의 GPT, 페이스북의 LLaMA, 구글의 제미나이.AGI를 통한 기술적 특이점이 가까이 다가오는 게 피부로 느껴지는 오늘날.나는 이대로 기계에 뒤처지는 것일까?아니! 방법은 있다.BCI(뇌-컴퓨터 인터페이스)를 통해 사람의 뇌와 인공지능을 연결해 하나가 되는 것!무한한 잠재력을 가진 인간의 신경망과 오감을 학습한 인공지능의 융합!나는 특이점 그 자...",우명,리디,https://ridibooks.com/books/2107131676?_rdt_sid=category_bestsellers&_rdt_idx=125&_rdt_arg=1750,현대 판타지,"#리다무#웹소설#연재중",0.0,4.9,0,43,NOVEL,NOT,https://img.ridicdn.net/cover/2107133673/xxlarge#1
34,미국 재벌3세는 천재였다,"미국 재벌3세는 천재였다 작품소개: 뉴욕금융계의 탑 헤지펀드 매니저.1971년, 미국 경제의 붕괴를 앞두고 재벌3세의 몸으로 깨어나다....",글라탕,리디,https://ridibooks.com/books/425444598?_rdt_sid=category_bestsellers&_rdt_idx=183&_rdt_arg=1750,현대 판타지,"#리다무#웹소설#연재완결",0.0,4.1,0,43,NOVEL,END,https://img.ridicdn.net/cover/425444598/xxlarge#1
35,미호(美好) - 다시 사는 남자,"미호(美好) - 다시 사는 남자 작품소개: 무한의 전생을 겪으며 수만 년을 살아온 내게 또 다른 삶이 펼쳐진다.이번엔 어떤 인생을 살며, 어떤 이벤트가 기다리고 있을까?...",어쩌느냐,리디,https://ridibooks.com/books/120074435?_rdt_sid=category_bestsellers&_rdt_idx=185&_rdt_arg=1750,현대 판타지,"#현대판타지#웹소설#연재중",0.0,5.0,0,19,NOVEL,NOT,https://static.ridicdn.net/books-backend/p/21b168/books/dist/images/book_cover/cover_adult.png
36,독마 손은 약손,"독마 손은 약손 작품소개: 지구로 귀환한 독마, 안휘.현대인들을 보고 단번에 알아차렸다.이 사람들, 독소로 가득 찼구나.딸랑-“지금 안마 받을 수 있습니까?”독소를 흡수할수록 강해지는 안휘에게영약, 아니, 손님이 자꾸만 굴러들어온다!<독마 손은 약손>...",더페이서,리디,https://ridibooks.com/books/2057258790?_rdt_sid=category_bestsellers&_rdt_idx=187&_rdt_arg=1750,퓨전 판타지,"#퓨전판타지#귀환물#천재#먼치킨#웹소설#연재중#사이다물#힐링물",0.0,4.6,0,142,NOVEL,NOT,https://img.ridicdn.net/cover/2057273146/xxlarge#1
37,조선패왕 단종,"조선패왕 단종 작품소개: 러시아-우크라이나 전쟁의 숨겨진 뒷이야기. 파란이 이는 국제정세 한가운데, 한국의 정보요원은 음모를 파해치고 조국에 전달하고자 한다. 그런 그가 죽음을 맞이하고는 단종의 몸에 전생하였다.하지만 그가 전생한 시기는 이미 계유정난도 끝나고 수 년이 지나 왕위를 찬탈당한 뒤였으니, 단종은 상왕으로 물러났으며 아무런 실권도 없이 창덕궁에 갇힌 작은 새였다.이러한 ...",플로린,리디,https://ridibooks.com/books/425417352?_rdt_sid=category_bestsellers&_rdt_idx=189&_rdt_arg=1750,퓨전 판타지,"#퓨전판타지#웹소설#연재중",0.0,3.4,0,29,NOVEL,NOT,https://img.ridicdn.net/cover/425454960/xxlarge#1
38,매혹(魅惑) - 다시 사는 남자,"매혹(魅惑) - 다시 사는 남자 작품소개: 영혼 이동을 통해 수천 년을 살아왔다.이렇게 살게 된 이유는 무엇이며, 이번엔 어떤 삶이 기다리고 있을까?...",어쩌느냐,리디,https://ridibooks.com/books/120070799?_rdt_sid=category_bestsellers&_rdt_idx=190&_rdt_arg=1750,정통 판타지,"#정통판타지#웹소설#연재중",0.0,4.9,0,29,NOVEL,NOT,https://static.ridicdn.net/books-backend/p/21b168/books/dist/images/book_cover/cover_adult.png
39,기억을 담는 사진작가,기억을 담는 사진작가 작품소개: 퇴사 후 할아버지의 사진관을 상속받았다.그랬더니 내 사진에서 사람의 마음이 느껴진다....,덤벙,리디,https://ridibooks.com/books/425445229?_rdt_sid=category_bestsellers&_rdt_idx=182&_rdt_arg=1750,현대 판타지,"#리다무#웹소설#연재중",0.0,4.3,0,41,NOVEL,NOT,https://img.ridicdn.net/cover/425454932/xxlarge#1
40,임진왜란으로 조선을 바꾸다,"임진왜란으로 조선을 바꾸다 작품소개: 임진왜란 1년 전, 1591년 3월 12명의 사람이 눈을 뜬다.임진왜란을 극복하고 조선을 강한 국가로 바꾼 그들을 후세 사람들은 환생인이라 불렀다....",선우선사,리디,https://ridibooks.com/books/4375032230?_rdt_sid=category_bestsellers&_rdt_idx=188&_rdt_arg=1750,퓨전 판타지,"#퓨전판타지#동료/케미#환생물#차원이동물#계략캐#천재#왕족/귀족#웹소설#연재중#사이다물",0.0,3.8,0,22,NOVEL,NOT,https://img.ridicdn.net/cover/4375036004/xxlarge#1
41,도천무영,"도천무영 작품소개: ""무림 천하여, 나는 돌아온다. 반드시 돌아와 피로써 책임을 묻겠다!""천하제일인, 무림을 군림하던 태양천제 단천악이 스러지고.""세상에 맺힌 너의 한을 풀어 줄 수 있다. 네 영혼을 판다면.""무림 곳곳엔 음모가 싹튼다.불식간에 가족이 살해당한 고아 소년 사도천.천하제일의 무인을 꿈꾸는 탁무영.복수를 위해, 꿈을 위해, 무림에 나선 그들 역시 혈풍 속으로 거침...",이유성,리디,https://ridibooks.com/books/2093089652?_rdt_sid=category_bestsellers&_rdt_idx=181&_rdt_arg=1750,무협 소설,"#리다무#웹소설#연재완결",0.0,0.0,0,2,NOVEL,END,https://static.ridicdn.net/books-backend/p/21b168/books/dist/images/book_cover/cover_adult.png
42,언더핸드로 160Km를 던지게 되었다,언더핸드로 160Km를 던지게 되었다 작품소개: 최고 구속 120Km를 던지던 똥차 언더핸드 투수 백건우.어린시절로 회귀해서 사상 최강의 언더핸드 투수로 부활한다....,전성기,리디,https://ridibooks.com/books/3685021735?_rdt_sid=category_bestsellers&_rdt_idx=186&_rdt_arg=1750,현대 판타지,"#현대판타지#리다무#웹소설#연재완결",0.0,3.7,0,44,NOVEL,END,https://img.ridicdn.net/cover/3685021735/xxlarge#1
43,정령 요리사,"정령 요리사 작품소개: 모든 것을 쏟아부은 시혁의 첫 가게 '요리조리'남들과 달리 성공할 것 같다는 예감에 기세등등하기도 잠시.“……좋은 공부였다고 생각하자.”마음처럼 되지 않는 현실에 실망하던 그의 앞에 나타난 건…….“요리?”대식가 꼬마 정령의 등장, '요리조리'는 다시 문을 열 수 있을 것인가!...",수색영장,리디,https://ridibooks.com/books/1377117928?_rdt_sid=category_bestsellers&_rdt_idx=180&_rdt_arg=1750,퓨전 판타지,"#리다무#웹소설#연재완결",0.0,4.0,0,17,NOVEL,END,https://img.ridicdn.net/cover/1377117928/xxlarge#1
44,음악천재의 힐링 라이프,"음악천재의 힐링 라이프 작품소개: 특별한 경험을 가진 천재의 이야기.“걔는 뭐 번개라도 맞았대?”“아니, 비행기에서 떨어졌다나 봐.”...",라모,리디,https://ridibooks.com/books/425441486?_rdt_sid=category_bestsellers&_rdt_idx=184&_rdt_arg=1750,현대 판타지,"#리다무#웹소설#연재완결#평점4점이상",0.0,4.3,0,160,NOVEL,END,https://img.ridicdn.net/cover/425441486/xxlarge#1
45,레시피를 보는 힐링 국밥집,"초고상승 - 국밥집을 물려 받았는데, 사람들한테 레시피가 느껴진다.",초고상승,문피아,https://novel.munpia.com/412293,현대판타지,"#현대판타지#연예계#요리#힐링",764865.0,0.0,5229,17074,NOVEL,NOT,https://cdn1.munpia.com/tpl/novel/core/covers/newfantasy.jpg
46,숨쉬는 것 보다 등반이 쉬움,신비공 - 내가 만든 탑에 끌려왔다. 그런데 등반이 너무 쉽다.,신비공,문피아,https://novel.munpia.com/428440,"현대판타지, 퓨전","#사이다#시스템#먼치킨#탑등반물",7.0,0.0,3,2,NOVEL,NOT,https://cdn1.munpia.com/tpl/novel/core/covers/newfantasy.jpg
47,"죽음도, 무엇도 두려워 않는 자여","후회깡통 - 그리고, 밑도 끝도 없는 비루한 삶을 산 자여. 부디 지옥의 끝에서 편안히 잠드소서.",후회깡통,문피아,https://novel.munpia.com/425095,판타지,"#판타지#다크판타지#배틀#복수#오컬트#회귀#후회#마왕#신#악마",102.0,0.0,1,0,NOVEL,NOT,https://cdn1.munpia.com/v2/files/cover/2024/0726/22/EZMZOEexMAA
48,장비가 무한으로 장착됨,스담스담 - 새로운 장비를 장착하면 기존의 장비는 해제되는 게 상식이다. [이 빠진 철검 : 장착 중] [낡은 철검 : 장착 중] [고블린의 단검 : 장착 중] [고블린 주술사의 지팡이 : 장착 중] … … …아무래도 나랑은 상관없는 상식인 것 같다.,스담스담,문피아,https://novel.munpia.com/427632,"판타지, 퓨전","#판타지#퓨전#상태창",353.0,0.0,22,1,NOVEL,NOT,https://cdn1.munpia.com/v2/files/cover/2024/0728/20/EZWXwfrFYAA
49,프레세페,kizu - 선택만 있을 뿐 결과는 알 수 없어.,kizu,문피아,https://novel.munpia.com/424882,현대판타지,"#현대판타지",224.0,0.0,0,0,NOVEL,NOT,https://cdn1.munpia.com/tpl/novel/core/covers/newfantasy-23.jpg
50,개천에서 용된 헌터가 빌런도 잘 잡음.,"별마로Ts - 망해버린 세상, 결게의 도움으로 버티는 인간들의 세상에 집중력으로 성장하는 헌터가 탄생한다.",별마로Ts,문피아,https://novel.munpia.com/428202,"현대판타지, 판타지","#판타지#현대판타지#디스토피아#사이다#아포칼립스#헌터#소드마스터#각성#오러",51.0,0.0,3,0,NOVEL,NOT,https://cdn1.munpia.com/tpl/novel/core/covers/newfantasy.jpg
51,귀농했더니 무림고수들이 몰려든다.,"삼사오초 - 귀농했는데 자꾸만 자기가 천마니, 신승이니, 검선이니 하는 할배들이 찾아온다.",삼사오초,문피아,https://novel.munpia.com/426905,"현대판타지, 무협",없음,660.0,0.0,11,14,NOVEL,NOT,https://cdn1.munpia.com/tpl/novel/core/covers/newfantasy-24.jpg
52,던전 탈출,"평타석 - 내 이름은 케인. 평범한 모험가였던 내가 이 지옥 같은 던전에 갇힐 줄은 꿈에도 몰랐다. '생각하는 능력'이라는 기프트 하나만 믿고 시작한 모험이었는데, 지금은 그 능력이 우리의 유일한 희망이 되었다. 내 옆엔 거리 출신의 날카로운 엘리엇과 순박한 시골 무사 로트가 있...",평타석,문피아,https://novel.munpia.com/424848,판타지,"#판타지#던전",325.0,0.0,5,30,NOVEL,NOT,https://cdn1.munpia.com/tpl/novel/core/covers/fantasy.jpg
53,친구가 개발하던 게임이 현실이 되었다,한량. - 나만이 이 게임의 공략법을 알고 있다.,한량.,문피아,https://novel.munpia.com/427911,"현대판타지, 판타지","#현대판타지#게이트#게임시스템#던전#먼치킨#각성",51.0,0.0,4,10,NOVEL,NOT,https://cdn1.munpia.com/tpl/novel/core/covers/newfantasy.jpg
54,제국 멸망시 행동요령,"널럴 - 열흘 붉은 꽃은 없다. 멸망해가는 제국의 소용돌이 속, 용병대를 떠안게 된 어느 기사의 생존기",널럴,문피아,https://novel.munpia.com/421419,"판타지, 전쟁·밀리터리","#전쟁_밀리터리#음모#이세계#전쟁#중세#군인#서양판타지",13866.0,0.0,60,564,NOVEL,NOT,https://cdn1.munpia.com/tpl/novel/core/covers/fantasy-09.jpg
55,개 같은 견주에게 죽고 신이 되었다,"이하준 - 무개념 견주와 시비가 붙어, 말다툼 끝에 살해되었다. 그런데 눈을 떠 보니, 내가 신? 이게 웬 횡재냐!",이하준,문피아,https://novel.munpia.com/394050,"현대판타지, 판타지","#퓨전#다크판타지#복수#사이다#천재#환생#먼치킨#신#범죄#대한민국",757.0,0.0,8,9,NOVEL,NOT,https://cdn1.munpia.com/tpl/novel/core/covers/newfantasy.jpg
56,사제 지망생인데 도적으로 환생했습니다,"트라멜 - 빛의 성직자에서 어둠의 그림자로, 도적의 삶이 나를 소환했다!",트라멜,문피아,https://novel.munpia.com/412566,"판타지, 퓨전","#판타지#퓨전#마법#빙의#이세계#중세#환생#종교인#서양판타지#각성",5505.0,0.0,36,157,NOVEL,NOT,https://cdn1.munpia.com/v2/files/cover/2024/0508/10/ESy9BY8l4AA
57,2090년 낙원도시,꾸실2 - 검이 국가적인 활동이 된 미래였다.,꾸실2,문피아,https://novel.munpia.com/428412,판타지,"#판타지#현대판타지#드라마#복수#이능력#칼잡이#능력자#몬스터#악마#나노머신",0.0,0.0,1,0,NOVEL,NOT,https://cdn1.munpia.com/v2/files/cover/2024/0803/15/EZ0NJ76asAA
58,EX급 반지로 차원상인됨,"레스더 - 차원 상인. 사람들은 신비 상인이라고도 부르는, 온갖 차원을 넘나드는 신비한 자. 어느 날. 하늘 위에서 뚝 떨어진 한 '반지'는, 나를 차원 상인으로 만들어주었다.",레스더,문피아,https://novel.munpia.com/427444,"퓨전, 판타지","#판타지#다크판타지#중세#차원이동#상인#서양판타지#상태창",290.0,0.0,14,5,NOVEL,NOT,https://cdn1.munpia.com/tpl/novel/core/covers/fantasy.jpg
59,인류의 최종병기는. 너무 늦게 깨어났다.,상냥한혜성 - 만년 늦은 인류의 구원지,상냥한혜성,문피아,https://novel.munpia.com/428214,"판타지, SF","#판타지#SF#다크판타지#마법#전쟁#총잡이#칼잡이#먼치킨#각성",9.0,0.0,0,0,NOVEL,NOT,https://cdn1.munpia.com/tpl/novel/core/covers/fantasy-07.jpg
60,백악기의 초고대 문명으로 떨어졌다.,"낙막루 - “6600만 년 전, 백악기로 떨어졌다. 그런데 눈앞에 고층 빌딩이 있다. 이게 말로만 듣던 초고대 문명 같은 건가?”",낙막루,문피아,https://novel.munpia.com/427248,"판타지, 퓨전","#판타지#현대판타지#퓨전#SF#전쟁_밀리터리#드라마",294.0,0.0,5,4,NOVEL,NOT,https://cdn1.munpia.com/v2/files/cover/2024/0725/17/EZGOZjbnUAA
61,다시 써가는 인생,스토리신 - 학교폭력을 당하며 그 후유증에 살아가던 성현. 우연한 기회로 11년전 학창시절로 돌아가게 된다. 그렇게 불행한 미래를 바꿔가던 중.  성현이 알지 못했던 엄청난 사실들이 드러나는데.,스토리신,문피아,https://novel.munpia.com/426677,"현대판타지, 드라마","#현대판타지#드라마#복수#사이다#회귀#학생#능력자",2301.0,0.0,10,48,NOVEL,NOT,https://cdn1.munpia.com/tpl/novel/core/covers/newfantasy-28.jpg
62,영웅전기: 불의검,"ARZT(진) - 탄생력 1,299년. 세 번째 혼란이 대륙을 다시 찾아온다. 이에 맞서는, 사라진 신의 조각을 이어받은 일곱 영웅들의 전기. 그 중 모험가를 꿈꾸며 홍염의 검을 휘두르는 첫 번째 주인공의 이야기.",ARZT(진),문피아,https://novel.munpia.com/422034,판타지,"#모험가#용병#노력가",854.0,0.0,6,33,NOVEL,NOT,https://cdn1.munpia.com/v2/files/cover/2024/0706/22/EXlhmgZuYAA
63,행운 특성으로 아포칼립스 정복,"연一결 - 뭐? 내가 행운 능력자였다고? 불운하되, 불행하지 않았던 유구완. 모두 본인의 '행운'을 어떻게 사용하는지 몰랐기 때문이었다는 걸 알게 되다!",연一결,문피아,https://novel.munpia.com/428057,"현대판타지, 판타지","#판타지#현대판타지#생존#아포칼립스#이능력#초능력#히어로#검은머리#구원",62.0,0.0,2,1,NOVEL,NOT,https://cdn1.munpia.com/v2/files/cover/2024/0731/22/EZmSBzxVIAA
64,독립국가 대한연방,"유로다 - “이 엄청난 힘을 가지고 복수 따위를 한다고?”  주인공은 나라에 배신당했지만, 우연히 외계생명체의 강력한 힘을 얻고, 나라를 건국한다.",유로다,문피아,https://novel.munpia.com/422113,"퓨전, SF","#판타지#현대판타지#퓨전#SF#전쟁_밀리터리#드라마#전쟁#초능력",4812.0,0.0,29,69,NOVEL,NOT,https://cdn1.munpia.com/v2/files/cover/2024/0617/08/EWAmeKQ0oAA
65,독재자 윤태두를 쏴라,이항 - 대한민국 서울에 독재자가 나타났다.  그의 이름은 윤태두.  이 교활한 악당을 제거하고 대한민국의 시스템을 정상으로 되돌려라!,이항,문피아,https://novel.munpia.com/425903,"현대판타지, 대체역사","#판타지#현대판타지#시스템#정치#회귀#군인#암살자#노력가#능력자#대한민국",519.0,0.0,6,2,NOVEL,NOT,https://cdn1.munpia.com/v2/files/cover/2024/0716/13/EYXFb5sDAAA
66,영주가 칼을 잘 씀,칭송 - 용병 사례비로 성을 받았다,칭송,문피아,https://novel.munpia.com/427405,"현대판타지, 판타지","#영지#중세#용병",284.0,0.0,3,0,NOVEL,NOT,https://cdn1.munpia.com/tpl/novel/core/covers/newfantasy.jpg
67,재앙급 방사능 마법사가 되었다,"뉴타입문 - 이세계 르비튼에서 10년. 마왕을 쓰러트리고 귀환했더니, 마력이 원자력으로 변했다. 돌아온 서울은 그야말로 난세(亂世), 사이버펑크, 디스토피아. 그래도 괜찮다. 난 마법사니까.",뉴타입문,문피아,https://novel.munpia.com/418378,"현대판타지, 판타지","#판타지#현대판타지#디스토피아#사이버펑크#인공지능#마법사#해결사",8783.0,0.0,63,303,NOVEL,NOT,https://cdn1.munpia.com/v2/files/cover/2024/0609/11/EVYIkmZBEAA
68,"종말 후, 세상의 구원자가 되었다",나그네82 - 세상이 멸망한 지 3년째가 되던 날. 흘러가는 대로 무의미하게 살아가던 나에게 세상을 구할 수 있는 기회가 주어졌다.,나그네82,문피아,https://novel.munpia.com/414570,"퓨전, 판타지","#판타지#퓨전#아카데미#오컬트#이세계#기사#검은머리#노력가#이종족#포스트아포칼립스",1533.0,0.0,18,20,NOVEL,NOT,https://cdn1.munpia.com/tpl/novel/core/covers/fusion-09.jpg
69,성류성세 [星流聲勢],"갓파선생 - 운석에 맞아 무림 세계 한 가운데에 떨어진 정성아 무림 세계에서 버려진 정성아는 신비한 무공을 익히게 된다. 다시 무림 세계를 찾아 갔지만, 그 때문에 스승이 죽게 되고 만다. 정성아는 스승을 죽인 범인을 찾으러 무림 세계에 뛰어들게 되는데......",갓파선생,문피아,https://novel.munpia.com/417761,무협,"#무협",2074.0,0.0,12,66,NOVEL,NOT,https://cdn1.munpia.com/v2/files/cover/2024/0518/11/ETmzD77-IAA
70,절대수선,백춘식 - 천화공법이라는 고대 제련술을 기연으로 얻은 이현. 법기를 무한으로 제련해서 무한으로 강해진다!  반드시 최강의 신선이 되고야 말리라!,백춘식,문피아,https://novel.munpia.com/426083,"무협, 퓨전","#판타지#퓨전#선협#천재",7189.0,0.0,126,206,NOVEL,NOT,https://cdn1.munpia.com/tpl/novel/core/covers/heroism.jpg
71,핵미사일을 얻었다,나무수염 - 버튼을 누르시겠습니까?,나무수염,문피아,https://novel.munpia.com/427458,"현대판타지, 퓨전","#현대판타지#게임#게이트#게임시스템#레이드#시스템#이능력#이세계#능력자#악마",464.0,0.0,14,11,NOVEL,NOT,https://cdn1.munpia.com/tpl/novel/core/covers/newfantasy.jpg
72,어긋난 세상의 중심에는,"환상계 - 원하든 원치 않든 세상은 격변을 맞이했다. 마법이 생긴 것이다. 모든 사람이 마법을 쓸 수 있는 세상이 도래했다. 하지만 애석하게도 마법을 쓰기는커녕 마력에 적응을 못한 소수의 인간들도 있었다. ""하..."" 자리에 주저앉아 몸이 재가 되어 사라져가는 청년 그렇게 사라진...",환상계,문피아,https://novel.munpia.com/425434,현대판타지,"#현대판타지#아카데미#환생",359.0,0.0,4,1,NOVEL,NOT,https://cdn1.munpia.com/tpl/novel/core/covers/newfantasy.jpg
73,그리스 신들의 한국 생존기,에로스는개 - 우린 그리스 신들인데.. 여긴 대한민국이라고? - 그리스 신들의 눈물겨운 인간 생활! 그리고 그들의 극한 직업!! - AI시대 그리스 신들의 웃픈 新트로이 전쟁이 펼쳐진다.,에로스는개,문피아,https://novel.munpia.com/427531,"판타지, 현대판타지","#현대판타지#재벌#연예계#이능력#전쟁#능력자#먼치킨#빌런#신",236.0,0.0,6,27,NOVEL,NOT,https://cdn1.munpia.com/v2/files/cover/2024/0727/22/EZRnsXBxMAA
74,골드나이트(Golden Knight),루프00 - 기나긴 여정이었다. 많은 이들이 무모한 일이라며 말렸지만. 그래도 나아갔다. 하지만. 나아가면 나아갈 수록 세계의 진실과 더불어 계속해서 절망만이 덮쳐왔다. 마주친 현실에 포기하고 주저앉을 때도 있었지만. 다시금 일어나 나아갔다. 오직 한 사람을 위해서.  내가 곁에 ...,루프00,문피아,https://novel.munpia.com/422121,판타지,없음,2333.0,0.0,11,1,NOVEL,NOT,https://cdn1.munpia.com/tpl/novel/core/covers/fantasy-16.jpg
75,레이나르트 연대기,"제이모 - 레이나르트 연대기는 가상국가 프란디아를 배경으로 벌어지는 각종 암투와 전쟁, 사랑을 그리고 있으며 유럽의 중세-르네상스-근대초반을 시대적 배경으로 한 유사역사소설입니다. 본격적인 이야기에 앞선 프롤로그로 레이나르트의 아버지 에드의 이야기를 담고 있습니다. 여기서 시작된...",제이모,문피아,https://novel.munpia.com/425999,"판타지, 대체역사","#판타지#대체역사#히어로#군주#능력자#세계사",902.0,0.0,9,5,NOVEL,NOT,https://cdn1.munpia.com/tpl/novel/core/covers/fantasy.jpg
76,완결된 결말[개정판],pawnknight - 완결된 결말. 어떻게 보면 과거와 미래가 섞여있는 역설적인 제목. 그럼에도 이 제목만큼 어울리는 것도 없다. 이 세계의 결말은 정해졌으니.,pawnknight,문피아,https://novel.munpia.com/418012,판타지,"#판타지#게임#게임시스템#시스템",131.0,0.0,1,0,NOVEL,NOT,https://cdn1.munpia.com/v2/files/cover/2024/0519/18/ETtdLdjYUAA
77,음마환생,주해랑 - 여인 천 명을 희롱한 음마 단우진은 갇혔다. 여자도 남자도 아닌 저주받은 몸 안에.,주해랑,문피아,https://novel.munpia.com/412390,무협,"#무협#격투#복수#하렘#환생",19792.0,0.0,47,469,NOVEL,NOT,https://cdn1.munpia.com/v2/files/cover/2024/0508/10/ESy_VaE8QAA
78,무인도 각성합니다.,한량백수 - 헌터는 거진 망둥이다. 노력 없이 얻은 능력으로 시민들 피나 빨아먹는 한심한 작자들이 태반이다. 피땀 흘려 일하는 자들이 밥그릇은 지켜야 하지 않겠나.,한량백수,문피아,https://novel.munpia.com/427939,"퓨전, 판타지","#현대판타지#게이트#이능력#회귀#무인#각성",49.0,0.0,3,0,NOVEL,NOT,https://cdn1.munpia.com/tpl/novel/core/covers/fusion.jpg
79,"미래에서 온 안드로이드,  빌런이 되었다.",iamdemon - 나는 전쟁의 신이고 풍요의 신이며 기술 문명의 신이다. 그리고 한때 인간인 줄 알았다. 2050년 미래에서 온 생체형 안드로이드 마르스. 2002년 대한민국에 불시착하다. 가즈아!!,iamdemon,문피아,https://novel.munpia.com/420467,현대판타지,"#사이보그#나노머신#대한민국#불멸",83699.0,0.0,362,2227,NOVEL,NOT,https://cdn1.munpia.com/tpl/novel/core/covers/newfantasy.jpg
80,월야공자(검마맹편),박이 - 월야공자 진조범의 일대기를 그린 이야기입니다.  우선 검마맹과 관련된 이야기로 1부를 연재합니다.  모쪼록 재미있게 즐겨주시면 감사하겠습니다.,박이,문피아,https://novel.munpia.com/421913,무협,"#무협",22817.0,0.0,59,454,NOVEL,NOT,https://cdn1.munpia.com/tpl/novel/core/covers/heroism.jpg
81,몰락 영주로 환생한 노예 검투사의 성공담,"더콰치 - '…바깥에서 바라보는 해는 어떤 느낌일까' 자유를 꿈꾸며 매 순간 사선을 넘나들던 불패의 노예 검투사, 95번!  죽음과 함께 찾아 온 새로운 몸으로 기억을 가진 채 환생한 그가 마녀와의 만남을 시작으로 새로운 삶이 시작된다.",더콰치,문피아,https://novel.munpia.com/422408,"판타지, 전쟁·밀리터리","#판타지#전쟁_밀리터리#영지#전쟁#정치#중세#군주#먼치킨#검투사",6375.0,0.0,33,93,NOVEL,NOT,https://cdn1.munpia.com/v2/files/cover/2024/0619/13/EWL33-jDMAA
82,감히 누가 내 남편을 울렸어?,"따끈유자차 - “됐구요, 미안하면 앞으로나 잘 하세요!"" “알긴 아시네요? 모두 그 쪽 탓이에요. 앞으로는 절대 속이지 마세요. 아시겠어요?”  ""불안하면, 걱정되면 칼트론은 그냥 절 믿으세요. 아시겠어요?"" 괴로워 미칠 것 같은 상황도 가볍게 만드는 당돌여주 레이나와 ""강해질 겁니...",따끈유자차,문피아,https://novel.munpia.com/398470,"로맨스, 판타지","#판타지#이능력#힐링#마법사#능력자#로맨스#로맨스판타지#서양판타지#구원#순애",3745.0,0.0,13,39,NOVEL,NOT,https://cdn1.munpia.com/v2/files/cover/2024/0330/16/EPrbTOibYAA
83,회귀한 테이머의 AI 마법 공방,"세옹 - EX급 연금술사의 히든 공방,  펫들이 자꾸 직원으로 지원한다.",세옹,문피아,https://novel.munpia.com/428072,"퓨전, 현대판타지","#현대판타지#게이트#아이템#힐링#헌터#동물#먼치킨",57.0,0.0,13,3,NOVEL,NOT,https://cdn1.munpia.com/tpl/novel/core/covers/fusion-19.jpg
84,갓메이커,"자반K - 특수부대 출신의 스파이, 어느 날 비행기에 묶인 채 눈을 뜬다. <지금부터 서로 죽이시오> 못할 거 없다.",자반K,문피아,https://novel.munpia.com/413954,"판타지, 현대판타지","#판타지#현대판타지#SF#게임시스템#서바이벌#아포칼립스#크툴루#회귀#군인#신",14838.0,0.0,85,520,NOVEL,NOT,https://cdn1.munpia.com/v2/files/cover/2024/0508/14/ESz2Y9UJoAA
85,천재 흑기사의 강탈은 특별하다,모운 - 10년 만에 귀환해서 힘을 다 뺏겼지만 괜찮다. 이제 다시 강탈할 거니까.,모운,문피아,https://novel.munpia.com/396405,"현대판타지, 판타지","#판타지#현대판타지#게이트#게임시스템#귀환#던전#레이드",38244.0,0.0,93,775,NOVEL,NOT,https://cdn1.munpia.com/tpl/novel/core/covers/newfantasy.jpg
86,지구 정복하러 왔다가 야구선수가 됐다,하루c - 프로야구 역사상 전무후무한 역대급 신인이 등장했다.  그런데 머리 상태가 좋지 않아 보인다. '자신이 신과 마법의 대륙에서 온 황세자라느니.' '용도 때려잡은 최강의 전사라느니.' '지구를 정복하러 왔다느니.' 아무래도 정상이 아닌 것 같은데. 선수의 에이전트 오태식은...,하루c,문피아,https://novel.munpia.com/424673,"스포츠, 판타지","#판타지#스포츠",4031.0,0.0,34,157,NOVEL,NOT,https://cdn1.munpia.com/tpl/novel/core/covers/sports-05.jpg
87,죽은 줄 알았지?,"최고길동 - 21세기 현대 사회에서 본성을 숨기고 적성을 살리지 못한 채 암울한 인생을 살고 있던 주인공이 급작스레 죽어서 환생을 하게 됩니다.  정신적으로 하자가 있던 주인공은 새로 태어난 판타지 세상에서, 본바탕을 마음껏 드러내며, 깽판물의 주인공다운 행보를 걷게 됩니다.  바...",최고길동,문피아,https://novel.munpia.com/370557,퓨전,"#판타지#퓨전#마법#이세계#중세#차원이동#초능력#서양판타지",25368.0,0.0,61,547,NOVEL,NOT,https://cdn1.munpia.com/tpl/novel/core/covers/fusion-16.jpg
88,종점으로 향한 여행,레몬망고 - 어느 날 몸이 좋지 않아 의사를 찾아갔더니 시한부 선고를 받았다. 메린은 죽음을 받아들이고 처음이자 마지막인 여행을 떠나기로 했다.,레몬망고,문피아,https://novel.munpia.com/420675,"판타지, 중·단편","#판타지#마법#여행#마법사#시한부",299.0,0.0,2,0,NOVEL,NOT,https://cdn1.munpia.com/tpl/novel/core/covers/fantasy-02.jpg
89,아포칼립스라서 계속 강해짐,갈겔골 - 내가 처음으로 주먹질을 시작한 건 유치원 때다. 짜증 나게 구는 돼지 녀석이 있길래 주먹을 날려 주었다. 그게 시작이었고 결국 비공식적인 인류 최강자가 될 수 있었다. 더는 상대할 녀석이 없었다. 그런 지루한 현실 앞에 서울이 피막으로 갇혔다고? 거기에 좀비도 나타나?,갈겔골,문피아,https://novel.munpia.com/425728,"현대판타지, 퓨전","#좀비#생존#아포칼립스#먼치킨",5646.0,0.0,59,92,NOVEL,NOT,https://cdn1.munpia.com/v2/files/cover/2024/0715/03/EYPvzDEfUAA
90,절세 미소녀 마법사 엘프는 이혼하고 싶어,"이케작스 - 140살의 절세 미녀(자칭) 마법사 엘프는 무료한 결혼생활에 지쳤다. 천살이 넘은 엘프 남편과는 이제 이혼하고 싶어. 몸 좋은 기사든, 매력적인 마법사든, 하다못해 용이라도 좋으니 나를 데려가줘.",이케작스,문피아,https://novel.munpia.com/422458,"판타지, 로맨스","#판타지#마법#마법사#라이트노벨#로맨스판타지#서양판타지",1814.0,0.0,8,91,NOVEL,NOT,https://cdn1.munpia.com/v2/files/cover/2024/0713/18/EYIlSMTYYAA
91,무인행,"<폐왕성>의 김재명, <무인 이랑> 한이랑 이전에 무인 정성진이 있었다!더욱 새롭게 돌아온 소년행 무예 소설의 초석 <무인행>봄의 끝 무렵, 새로운 절도사가 부임한다는 소문이 돌기 시작했다.“항상 똑같은 사람이 오는 모양이야. 이번에도 그렇지?”“그래, 똑같은 놈들이지 뭐. 하나같이 말이야.”동북 국경을 지키는 절도사로 부임한 정성진.그에게는 말로는 설명하기 힘든 무(武)의 기운이 느껴졌다.무인 정성진, 여진족을 물리치고 조선을 호령하라!",소년행,카카오페이지,https://page.kakao.com/content/60100687,드라마,없음,473100.0,9.4,0,0,NOVEL,NOT,https://page-images.kakaoentcdn.com/download/resource?kid=BZ5fe/hzHNxNMr9e/Yd9zQTbiXMudkjNkEbred1&filename=o1/dims/resize/384
92,대장군 한예검,"징병 되어 강제로 전장의 한복판으로 내던져진 열일곱 살의 소년.갑옷의 쇳조각이 떨어져 나가고, 핏물이 고인 바닥에 군화가 질퍽이는 끔찍한 전장.사내들의 땀 냄새와 역한 피비린내 속에서, 살아남으려는 의지 하나로 처절한 전투를 이어 나간다.소년은 과연 거듭되는 외침과 반란으로 무너질 위기에 놓인 우나라를 구하고 부모의 원수까지 갚을 수 있을까.그리고 사랑하는 소녀와 행복해질 수 있을까.",신나는작가,카카오페이지,https://page.kakao.com/content/63522191,드라마,"#시대물#판타지드라마#역사",134400.0,9.8,0,0,NOVEL,NOT,https://page-images.kakaoentcdn.com/download/resource?kid=TJPJQ/hAd4W9DgNz/e9fqKkUOkjE68HlWMk2SV0&filename=o1/dims/resize/384
93,선인지로,"<폐왕성>,<무인 이랑>, <무인행>에 이은소년행 작가님의 신작 <선인지로> 연재 시작!어려서부터 공부하여 열다섯에 무예의 극의를 깨우친 '달천'.스승으로부터 하산하여 세상에 나가다!“노니 뭐 하겠는가. 차라리 학당을 하나 차리면 어떻겠는가?”“학당이요?”“서당에서 동네 아이들 모아 놓고 천자문 가르치듯이 말일세.”소년 달천은 세상을 배우며 익혀나가고,동시에 선인이 가는 길, 선인이 사는 방법을 가르친다!선인 달천, 후인을 양성하여 조선의 환란에 대비하라!",소년행,카카오페이지,https://page.kakao.com/content/63377273,드라마,"#시대물#판타지드라마#역사#휴머니즘",92200.0,9.9,0,0,NOVEL,NOT,https://page-images.kakaoentcdn.com/download/resource?kid=cjMSU/hAd4qCYSg7/pbu2YgoKUaq7JxgQ1mEU90&filename=o1/dims/resize/384
94,"주술사건 해결사, 갈색 눈의 조사관","거의 모든 사람이 주술을 사용하며, 생활 깊은 곳에도 주술이 들어간 도구를 사용하는 요즘.주력이 없어 주술을 사용하지도 못하고, 귀신과 요괴를 볼 수도 없는 특이한, 전 세계 0.1%에 해당하는 특별한 눈을 가진 【이 혜윰】주술, 귀신, 요괴.즉, 영적인 현상에 의해 벌어지는 사건을 전담하는 직업 현상사.그녀는 대한민국 최고의 현상사의 조사관이다.“이번 주는 어떤 건인가요? 지난번처럼 경찰이 충분히 해결할 수 있는 일이면 받지 않겠습니다.”",권연,카카오페이지,https://page.kakao.com/content/64314826,드라마,"#판타지드라마#오컬트",3400.0,9.9,0,0,NOVEL,NOT,https://page-images.kakaoentcdn.com/download/resource?kid=cHfl89/hAFsCJ3U2X/htjGUDKP04fnZkt83tFGIk&filename=o1/dims/resize/384
95,투 아이즈,아버지를 죽인 사람을 찾기 위해 경찰이 된 한진일과 불의를 보면 참지 못하는 지역 치안센터 출신의 말단 순경 박해진이 사건을 수사하면서 벌어지는 이야기.,이유빈,카카오페이지,https://page.kakao.com/content/58090099,드라마,없음,2900.0,10.0,0,0,NOVEL,NOT,https://page-images.kakaoentcdn.com/download/resource?kid=Zcmsc/hzacfsnwlI/TX1ry1K5zDDsdKezmPmJNk&filename=o1/dims/resize/384
96,식물 프로파일러 유익희,"“자살이 아닙니다 저 사람, 살해당한 겁니다.”피해자의 신발에서 발견한 ‘식물 증거’로 사건의 진실을 밝혀낸 익희.그 덕분에 경원 경찰청장으로부터 식물 프로파일러 자리를 제안받는데.“범인은 형사가 잡는다. 식물 박사 따위가 아니라!”식물이 범죄 수사에 도움이 될 리 없다고 생각하는 화선 경찰서 형사팀.그러거나 말거나 사건 현장에서 발견된 식물의 증언을 분석해야 하는 익희는사사건건 형사들과 현장에서 부딪히게 된다.과연, 익희는 대한민국 최초 식물 프로파일러로서 인정받을 수 있을까?팩트스토리, 엠스토리허브, 지앤지프로덕션이 공동 주최한MGF 메가Fun 제1회 범죄미스터리 공모전 수상작[식물 프로파일러 유익희]",임사린,카카오페이지,https://page.kakao.com/content/64389712,드라마,"#형사#경찰#추리물#직업물#추미스",44300.0,9.6,0,0,NOVEL,NOT,https://page-images.kakaoentcdn.com/download/resource?kid=bg7VZg/hAFsArTLxM/MVHLZlSKYsBiNR6ttAn5uk&filename=o1/dims/resize/384
97,레스트레이드 경감이 되었다,"과거로 돌아갈 수 있다면, 무엇을 할까?로또? 주식? 비트코인?그딴 거 다 필요 없다.‘그날’만 없던 일로 만들 수 있다면.부모님을 살릴 수만 있다면.그것이 정말로 가능하다면 뭐든지 할 텐데……!그리고 그런 기적 같은 기회가 찾아왔다.[지금부터 사건이 시작된다는 소리야.]",팔숨,카카오페이지,https://page.kakao.com/content/63865634,드라마,"#경찰#형사#추리물#판타지드라마#추미스",50300.0,9.5,0,0,NOVEL,NOT,https://page-images.kakaoentcdn.com/download/resource?kid=bwVVrb/hAd4nzFRjD/I9VUzHIVVD1G9WVHq4bU61&filename=o1/dims/resize/384
98,사내 복지는 악령 퇴치부터 시작합니다,"호랑이띠 신입 사원 X 토끼띠 도련님 과장귀신 때려잡는 통쾌한 오피스 액션 퇴마물!""이상한 일을 겪고 있는 사원들을 찾아서최대한 해결해 주시면 좋겠습니다.""도깨비터에 지어져 대기업이 된 ‘독갑물산’. 그러나 그 터를 지키는 도깨비가 사라져 귀신들이 활개를 친다.기가 센 호랑이띠 여자 사원만족센터(1인) 신입 사원 '강해영'과기가 약한 토끼띠 남자 과장이자 회장의 손자인 '고정석'두 사람은 사원들한테 해를 끼치는 귀신들을 쫓아내면서 직장인들의 각종 고충을 덜어 주고 회사를 안전하게 지켜 낸다.그러나 이 모든 사건은 우연이 아니라악귀를 이용해 회사를 차지하려는 어느 적대 세력과 관련이 있었는데…….회사 밥이 맛있어서 출근하고 월급을 받을 생각에 견디는 평범한 회사원의좌충우돌 퇴마 업무가 시작된다!""사내 악령도 사원의 고민도 한 방에 해결해 드립니다!""",최영원,카카오페이지,https://page.kakao.com/content/60025652,드라마,없음,21000.0,10.0,0,0,NOVEL,NOT,https://page-images.kakaoentcdn.com/download/resource?kid=emVgxB/hzHNBCIjOX/D3RtPjuB7AbRxPuiEHBzUK&filename=o1/dims/resize/384
99,건어물 가시[단행본],"	제주도로 억울하게 좌천된 유명 아나운서 경인.우연한 사고로 인해 라디오 청취자의 내일을 볼 수 있는 능력을 얻게 된다.그리던 어느 날,""신청곡 틀어드릴게요. 어떤 노래 듣고 싶어요?""""군가도 되나?""연쇄 살인범과 연결이 되는데...","9이닝 ",카카오페이지,https://page.kakao.com/content/64780196,드라마,"#추리물#추미스",4.0,0.0,0,0,NOVEL,NOT,https://page-images.kakaoentcdn.com/download/resource?kid=bxrS5P/hAFPS6vlcl/2yF2mktJxI4W7f7MqCWk21&filename=o1/dims/resize/384
100,존재하지 않는 실화,"22살 경찰대생 한천민에게는 특별한 능력이 있었으니,바로 금속을 자유자재로 다룰 수 있는 금속 능력!천민의 능력을 알아본 동진경찰서 6수과 4팀에서 그를 채용한다.  그를 반갑게 맞이한 팀원들 또한 그와 같은 특별한 능력자였다.팀을 이끄는 팀장이자 박수무당인 서해준.이곳저곳 자유롭게 드나드는 통과 능력자, 진성현.죽은 자의 과거를 들여다 볼 수 있는 꿈 능력자, 유가람.그들과 함께 세상에 존재하면 안 되는 사건들을 파헤치기 시작한다.사람의 간을 빼먹는 불여우,조직폭력배와 손을 잡은 두억시니,연쇄살인을 하고 다니는 아기 귀신,마을을 쑥대밭으로 만든 무덤귀 등등!과연 그들은 사건을 무사히 해결할 수 있을까?------------------------------------------------------------------------필명 '비묘' 로 호러 미스터리 분야에서 활동하고 있다. 지금까지 <한국 공포소설 특선집> 中 '집착' 과  <아이작가 공포소설 단편 수상작 특집> 中 '아내' 그리고 <뿌딩 공포 단편소설 공모전 수상작 특집> 中 '에반 박스터 이야기' 등의 작품을 출간하였다.",비묘,카카오페이지,https://page.kakao.com/content/50715819,드라마,없음,54100.0,10.0,0,0,NOVEL,NOT,https://page-images.kakaoentcdn.com/download/resource?kid=bj0gyU/hzb7s31Oqk/kPNFUHUWWYdfbnHRA9B8q1&filename=o1/dims/resize/384
101,무인행 [단행본],"<폐왕성>의 김재명, <무인 이랑> 한이랑 이전에 무인 정성진이 있었다!더욱 새롭게 돌아온 소년행 무예 소설의 초석 <무인행>봄의 끝 무렵, 새로운 절도사가 부임한다는 소문이 돌기 시작했다.“항상 똑같은 사람이 오는 모양이야. 이번에도 그렇지?”“그래, 똑같은 놈들이지 뭐. 하나같이 말이야.”동북 국경을 지키는 절도사로 부임한 정성진.그에게는 말로는 설명하기 힘든 무(武)의 기운이 느껴졌다.무인 정성진, 여진족을 물리치고 조선을 호령하라!",소년행,카카오페이지,https://page.kakao.com/content/60147476,드라마,없음,6600.0,10.0,0,0,NOVEL,NOT,https://page-images.kakaoentcdn.com/download/resource?kid=NdDjd/hynayzezrX/oEYepjGdIMw4tkIRYbO79K&filename=o1/dims/resize/384
102,수호천사가 필요해![완결/전권무료],"무술 되지, 해킹 가능, 전직 모델 출신 엄마친구딸은 완전 만렙 능력자!그런 완벽녀 송솔에게도 말 못할 비밀은 있다.판푸드의 망나니 둘째 아들 판모건,오지랖 넓은 관계로 골칫거리 집안으로 끌고오는 진상밉상 스타일!그는 엄마가 꽂아놓은 송솔을 눈 앞에서 치워버리기 위해 친분있는 글로벌 아이돌스타 인사랑의 비밀 보디가드로 꽂아놓는다.졸지에 아이돌 스타의 보디가드 겸 로드매니저가가 되어 생고생의 길을 걷게되는 솔. 그 난관에서 헤쳐나오고자 풀두뇌 가동!그 와중에 왜 말도 안되는 스캔들은 자꾸만 펑펑 터지는 건데! 왜!","나누기,나누기",카카오페이지,https://page.kakao.com/content/55805478,드라마,"#추미스#코믹#추리물",1100.0,10.0,0,0,NOVEL,NOT,https://page-images.kakaoentcdn.com/download/resource?kid=nAkjq/hAHIkfBIKA/gjOzg35DaiALlkus9iOmW0&filename=o1/dims/resize/384
103,귀신 잡느라 연차 씁니다,회사에서 AI보다 못하다고 욕먹는 직원.그게 바로 나다.그런 내가 청염(淸炎)의 상속자라고?게다가 이 힘을 노리고 온갖 귀신들이 쫓아올 거라고?!귀신에게 몸을 뺏기려는 순간 갑자기 나타난 퀘스트창.가이드에 따라 미션을 완료하면 귀신을 물리칠 수 있다!소심한 K-직장인이 최강 전투무녀로 성장하는동양 액션 판타지.PS. 신력(神力)에 끌리는 건 귀신만이 아니네?!Illustrated by 녹시,리나모,카카오페이지,https://page.kakao.com/content/62716697,드라마,"#퇴마사#판타지드라마#시대물",78000.0,10.0,0,0,NOVEL,NOT,https://page-images.kakaoentcdn.com/download/resource?kid=7yb3V/hAd46KSnzd/5kQORGmWaY9de2cIcnky8k&filename=o1/dims/resize/384
104,서녘에 부는 바람,"선원들의 마음은 만선의 배처럼, 그리고 바람을 가득 받은 돛처럼 부풀어오르는 계절.배가 가라앉는다.선원도 선장도 모두 죽지만, 살아남은 것은 한 명의 소년.""들려? 비와 파도와 바람의 소리가? 풍랑이 오고 있어.""""선원은 항상 바다를 보고 있어야 한단다.""""우리 함께 바닷길을 되찾으러 가자. 내가 도와줄게. 기운 내.""모든 것을 집어삼킬 풍랑 속으로 나아가는 배 한 척과그 배의 키를 잡은 항해자의 이야기.소년은 바다를 꿈꾼다.",단풍나무사탕,카카오페이지,https://page.kakao.com/content/63429951,드라마,"#판타지드라마",31700.0,10.0,0,0,NOVEL,NOT,https://page-images.kakaoentcdn.com/download/resource?kid=DcQqg/hzXatXrAEc/8gdHnXUDp9p0v3tSnOHeQK&filename=o1/dims/resize/384
105,소금을 머금은 여우,"돌연변이 흑색 구미호, 최강 상신 묵호와 저주받은 백색 소녀, 소금이 만들어가는 상처극복 상큼 발랄 생존기. 서로 다른 아픔을 가지고 있는 묵호와 소금. 사소한 우연으로 시작된 그들의 인연은 결코 사소하지 않았다. 그들도 모르는 사이에 얽히고설킨 질긴 운명의 시초를 찾아 떠나는 환상 세계 판타지. -드디어 왔구나.구중천을 향해 대놓고 적대감을 드러낼 수 있는 이는 아마도 세상에 단 하나뿐일 것이다. 묵호.비단결 같은 흑발 사이로 번들거리는 회색 눈동자가 쥐를 노리는 뱀의 것처럼 섬뜩했다. -세상 모든 빛을 집어삼킨 듯 찬란한 은빛을 온몸으로 내뿜는 소녀. 허리까지 내려온 백발, 찹쌀떡같이 하얀 피부, 흰색 비단 망사로 만든 치마를 입은 아이는 작고 앙증맞아 정교하게 만든 도자기 인형 같았다.",상서미,카카오페이지,https://page.kakao.com/content/63173706,드라마,"#판타지드라마",31800.0,10.0,0,0,NOVEL,NOT,https://page-images.kakaoentcdn.com/download/resource?kid=gp4n7/hAd4pcS465/QL28DrSxnek24Tgg6F1OvK&filename=o1/dims/resize/384
106,얼굴 천재 조상님으로 살아남기,"사기 혐의로 쫓기던 이미지 기억력 천재,한순간 더욱 뛰어난 능력에 얼굴까지 천재인 신라시대 조상님의 몸으로 타임슬립해서 상황이 나아지나 싶었는데…뭐라고? 당나라 황실에서 일어난 살인사건을 해결해야 된다고?!게다가 거치적거리는 이 한량 황자놈까지 우쭈쭈해주면서?",쥬한량,카카오페이지,https://page.kakao.com/content/64047748,드라마,"#추리물#시대물#힐링물#판타지드라마#역사#코믹#휴머니즘",18800.0,9.7,0,0,NOVEL,NOT,https://page-images.kakaoentcdn.com/download/resource?kid=qRz7F/hAd4zNPfg5/7i9EpltMoA5EZF10tsTVh1&filename=o1/dims/resize/384
107,"서비스 음료, 나왔습니다","“믿고 맡길 수 있는 매니저를 고용했으니, 그와 함께 카페를 잘 꾸려나가길 바란다.” 하루아침에 기자에서 백수가 된 우미에게, 삼촌은 짧은 메시지를 남기고 하와이로 떠나버렸다. 문제는, 형사였던 아버지를 닮아 뼛속까지 현장체질인 우미에게 카페생활은 몹시 지루하다는 것. “카페 매니저로서 제 업무는, 유일한 알바생인 도우미씨를 관리 감독하는 거라고 하셨습니다.” 사건을 쫓아 카페를 탈출하려는 자와, 그걸 막으려는 자. 우미와 연호는 과연 '조용한 카페'를 잘 꾸려나갈 수 있을 것인가?“서비스 음료, 나왔습니다. 당신의 이야기를 들려주세요. 제가 도움이 되어 드리겠습니다.”",노피머리,카카오페이지,https://page.kakao.com/content/62533244,드라마,"#일상드라마#추미스#추리물#형사#기자#사이코패스",74300.0,9.8,0,0,NOVEL,NOT,https://page-images.kakaoentcdn.com/download/resource?kid=b0DcHP/hzXauBEkpf/to7RBi38P5a86vHyhqRpMk&filename=o1/dims/resize/384
108,프로스티 온 더 프로즌 스틸,"제1부: 프로스티 온 더 프로즌 스틸 (Frosty on the Frozen Steel)인구 절벽의 시대, 원인을 알 수 없는 이상 정신 질환 환자가 급속도로 증가하는 세기말을 배경으로 한 고급 주택가에서 여성의 변사체가 발견된다. 대기업 부회장인 남편과 아들, 딸을 둔 그녀는 행복한 삶을 누린 것처럼 보였다. 그러나 그녀의 사망 원인을 파헤칠수록 가려졌던 진실이 드러나게 된다.제2부: 댐드댐 (Dæmd Dæm)     수자원 보호 구역으로 지정되어 커다란 댐이 들어선 한 시골 마을에서 사망 사건이 잇달아 발생한다. J와 K 그리고 아인혼이 사건 해결을 위해 파견되는데, 단순하게 보였던 사건을 조사할수록 과학과 미신으로 지어진 거대한 댐이 정체를 드러낸다. 과연 그 댐은 저주를 가둔 것인가(Dammed Damn), 아니면 저주받은 댐인가(Damned Dam)?제3부: 가이어 투 가이아(Gyre to Gaia: 대지로 향하는 소용돌이)경찰청으로 복귀한 J와 아인혼은 유 국장이 살해당했다는 사실을 알게 되고, 그 배후에 스퀘어라는 회사가 관여됐다는 정황을 포착한다. 그러나 알 수 없는 이유로 스퀘어에 대한 수사는 어려워만 지고, 세상은 GPS로 인해 무정부 상태가 되어간다. J와 아인혼은 극심한 혼돈 속에서도 두란의 뜻을 이루기 위해 힘겨운 나날을 보내지만, 인구 절멸과 GPS는 그들을 소용돌이치는 격랑 속으로 몰고 간다.",inigene,카카오페이지,https://page.kakao.com/content/62150764,드라마,"#경찰#형사#추리물#SF#추미스",2400.0,10.0,0,0,NOVEL,NOT,https://page-images.kakaoentcdn.com/download/resource?kid=b9J4Xu/hAd4jDjpJs/BMKTvDCE20L2ObAIS5i4Bk&filename=o1/dims/resize/384
109,Retry: 다시 한번 최강 신선으로,"수선계에서 북현선존이라는 별호로 불리며, 신선이 되기 위한 수련을 하고 있던 진범은 마지막 단계에서 심마를 이기지 못하고 실패하여 죽음을 맞이한다. 그런데, 눈을 뜬 그가 있는 곳은 그가 수선계로 오기 전에 있었던 현대의 지구! 심지어 스무 살 때의 과거의 자신의 몸에서 정신을 차린 진범은 회귀한 것을 깨닫고 자신이 알고 있는 어두운 미래를 전부 바꾸겠다고 다짐한다. 거기다, 다시 한번 차근차근 최고의 선공으로 수련을 시작하여 이번에야말로 신선이 되겠다고 다짐하는데…","십리검신,대행도동만",카카오페이지,https://page.kakao.com/content/53440960,판타지,"#차원이동#퓨전#선계#환생#복수#귀환#회귀#먼치킨#천재",5692300.0,9.4,0,0,COMICS,NOT,https://page-images.kakaoentcdn.com/download/resource?kid=bG5xsd/hyQ9R4bkHr/OeOpIVpVaytdQG3wKXajK0&filename=o1/dims/resize/384
110,엑스트라가 너무 강함,"매일 듣는 똑같은 질문, 결코 변하지 않는 대답.내게 남은 거라곤 동정 어린 시선과, 매달 들어오는 보험비.그리고 반신불수라는 잔혹한 현실뿐.신은 버틸 수 있는 시련만 주신다는데, 난 차라리 죽고 싶었다.그런 내가 다시 눈을 떴을 땐―[이곳은 '세계를 독식하는 마법사'의 세계 속이다.][이제부터 당신은 등장인물 '모르드 베르나스'로 살아가야 한다.]내가 밤새 읽던 소설의 엑스트라가 되어있었다.","선향,잉어크림,김재한",카카오페이지,https://page.kakao.com/content/61939066,판타지,"#레이드#빙의#깽판#영웅/신화#천재#노력#성장#격투가#왕족/귀족#이능력#무공#군인#만능",254300.0,9.8,0,0,COMICS,NOT,https://page-images.kakaoentcdn.com/download/resource?kid=bEtXBX/hAd4B503KV/BnxV3RaKx1ufcVrwRkOKF0&filename=o1/dims/resize/384
111,9클래스 소드 마스터 : 검의 구도자,"제국력 237년.'타락'에 맞서 인류를 지켜내기 위한 '신탁전쟁'의 끝에서검성(劍聖), 카릴 맥거번은 친우이자 황제인 올리번의 배신을 맞이한다.끝내 황제를 죽인 카릴은 이 모든 일들을 바로 잡기 위해 과거로 돌아간다.그리고 이제 전생에 얻지 못한 힘,검과 마법.두 가지의 길 모두 정점에 서서 미래를 바꾸기 위해서.","윤소함,완제품,이형석",카카오페이지,https://page.kakao.com/content/61659960,판타지,"#환생#복수#전쟁#회귀#영웅/신화#천재#노력#성장#검사#마법사#격투가#용병#대장장이/생산직#만능",271000.0,9.4,0,0,COMICS,NOT,https://page-images.kakaoentcdn.com/download/resource?kid=cmsYaC/hAdNQvrRls/BiD2ORyd1We4bwnmGPkNqK&filename=o1/dims/resize/384
112,뉴비가 너무 강함,"부모님 없이 보육원에서 자란 재주이름처럼 재주있게 살아가던 어느날보육원이 어려워 3년 뒤 문을 닫게 된다는 이야기를 듣게 된다.보육원을 위해 돈을 구해보려던 재주의 핸드폰에갑작스럽게 알림이 울리고핸드폰에서는 탑을 오르며 BJ가 되어있는 자신의 영상이 재생된다.7년 전, 갑작스럽게 세상에 나타나무작위로 사람을 데려가는 탑.이 탑에서 무사히 돌아와 '각성자' 가 된다면큰 돈을 버는 것은 시간 문제!핸드폰에 영상을 보낸 것은 누구이며재주는 무사히 탑을 오를 수 있을 것인가?!","미타,잇뱀,일등복권",카카오페이지,https://page.kakao.com/content/59272421,판타지,"#차원이동#레이드#생존#깽판#탑등반#방송#먼치킨#시스템#천재#테이밍#만능#플레이어#BJ",1576200.0,9.9,0,0,COMICS,NOT,https://page-images.kakaoentcdn.com/download/resource?kid=WvQc1/hAd4CjsxLx/A2bDcEl0WtkXPaEqTb5gD1&filename=o1/dims/resize/384
113,육식주의 헌터,"[매주 목, 일요일 업데이트]전 세계적인 마물들의 등장으로 수십억 인구가 죽은 대재앙.가까스로 살아남은 생존자 중 일부는 마물들에게 대적할 수 있는 ‘각성자’가 되었고, 그렇지 못한 일반인과는 넘을 수 없는 벽이 존재했다.각성자들의 마물 토벌을 안내하는 일반인 길잡이 김선우.각성자의 죽음 앞에 선 그의 머릿속에 목소리가 들려온다.""죽여.""""죽이고 힘을 빼앗아!""","프로디파이 스튜디오,연우솔",카카오페이지,https://page.kakao.com/content/59742909,판타지,"#생존#아포칼립스#고인물#이능력#만능#레이드#먼치킨",390400.0,9.6,0,0,COMICS,NOT,https://page-images.kakaoentcdn.com/download/resource?kid=ce5crV/hAd4OKnEDO/s6NHrYdcmsCY7fyW2TiYxk&filename=o1/dims/resize/384
114,정령 농사꾼,"[농사꾼, 정령을 만나다.]11년 동안 초인이 되기 위해서 노력했지만 결국 일반인으로 끝난 이건우.모든 걸 뒤로 하고 집으로 돌아왔을 때, 그에게 정령이 찾아왔다.""하와!!!!""본격 농사 & 힐링 판타지.농사의 정령 하와와 함께하는 귀농 Life!","구식이,수색영장",카카오페이지,https://page.kakao.com/content/55541933,판타지,"#라이트노벨#전문직#퓨전#정령#육아#시스템#먹방/요리#영지#성장#정령술사#대장장이/생산직#테이밍",2842600.0,9.9,0,0,COMICS,NOT,https://page-images.kakaoentcdn.com/download/resource?kid=sOnSK/hAd4WoaBXY/ah3cj0gZ6ij8Z1s07Fopuk&filename=o1/dims/resize/384
115,마법학교 앞점멸 천재가 되었다,"극악의 난이도, 최악의 성능. 모두가 마법을 사용하는 세계에서 마법을 쓰지 못한다는 이유로 고인물도 거르는 사상 최악의 쓰레기 캐릭터, 백유설.[잘못된 엔딩을 맞이하여, 아이테르 월드의 90%가 파괴되었습니다.][부디, 진 엔딩에 도달하시기를.]그런 백유설에게 내가 빙의가 되었다.내게 주어진 단 하나의 마법 스킬, '점멸' 나는 세상에서 가장 빠른 마법사다. 천재 마법사가 판치는 스텔라 아카데미에서 살아남아라!","서유,은밀히",카카오페이지,https://page.kakao.com/content/64227839,판타지,"#게임#학원#생존#빙의#천재#성장#마법사",211100.0,9.8,0,0,COMICS,NOT,https://page-images.kakaoentcdn.com/download/resource?kid=goXy9/hAFsFGEHfD/egS9nIG3iN64pBf2a5ccv1&filename=o1/dims/resize/384
116,용을 삼킨 마법사,"[그대는 새로운 신화의 초석이 될 것이다.그 신화를 위해 그대에게 다시 한 번의 기회를 부여한다.]몰락한 개국공신 가문의 마지막 후계자이자저주 받은 삼류 마법사 '러셀 레이먼드'.가문 재건의 희망을 품지만 현실은,아카데미에선 퇴학에 삼류 용병 마법사조차 되지 못하는 비루한 신세.그러던 그가 일용직을 하러 간 날. 어머니의 유품 반지가 '용의 심장'에 반응하고그런 러셀에게‘용의 심장’이 부여한 뜻밖의 기회.아카데미 시절로의 [회귀] 그리고,[미션 보상으로 마석(식용)을 지급합니다]그렇게 러셀은 날아오른다.마치 단 한 번도 날개를 펴지 못했던 용처럼.자신을 억압했던 운명이란 파도를 가르고,허락되지 않았던 빛나는 세계에 가 닿는다.","달아(스토리플러스),테디바라(악어스튜디오),일황",카카오페이지,https://page.kakao.com/content/62396267,판타지,"#게임#생존#먼치킨#천재#노력#아티팩트#시스템#회귀#복수#마법사#정령술사#정령#귀환#성장#용병",1007800.0,9.7,0,0,COMICS,NOT,https://page-images.kakaoentcdn.com/download/resource?kid=EZQNo/hAdNWJfYjX/RccwKa3XHryMQhJqSENJfk&filename=o1/dims/resize/384
117,닳고닳은 뉴비,서비스 종료까지 앞으로 15년.오직 나만이 엔딩을 알고 있다.'나는 고인물이다',"보늬,레고밟았어",카카오페이지,https://page.kakao.com/content/56109623,판타지,없음,3927600.0,9.8,0,0,COMICS,NOT,https://page-images.kakaoentcdn.com/download/resource?kid=WxbWW/hAd4xhuREG/ru72wIAwUIt4948Tz0AVX0&filename=o1/dims/resize/384
118,변경백 서자는 황제였다,"바리엘 제국의 마법사이자 어린 나이에 황제가 된 이안은 조카의 반란으로 감옥에 갇힌다.이안을 구해주러 온 마법사 나움은 금지된 시공간 마법을 사용한다.금지된 마법은 황제 이안을 과거 100년으로 이끌고100년 전 멸문한 변경백 가문의 서자 이안에게 빙의한다.서자 이안은 접경지인 야만족에게 볼모로 잡혀가기 직전!이안은 살벌한 음모에 휘말리는데!!!ⓒ 기준석, 스튜디오늘봄 / 판시아X서울미디어코믹스","스튜디오 늘봄,기준석",카카오페이지,https://page.kakao.com/content/64257452,판타지,"#환생#성장#마법사#왕족/귀족#정통#빙의#회귀#먼치킨#영지#천재#정치가#만능",484300.0,9.9,0,0,COMICS,NOT,https://page-images.kakaoentcdn.com/download/resource?kid=rDKSY/hAFPOJDP2k/sCcUkxLHk9Ko9KKkK6uUzk&filename=o1/dims/resize/384
119,"영웅, 회귀하다","인류 최강의 영웅, 김성인모든 것을 내던지며 분투했지만결국…… 세상의 멸망은 막지 못했다하지만 그의 전설은 이제 시작이었으니성인, 20년 전으로 회귀하다!“이번에는…… 반드시 잡는다.”압도적인 재능과 경험으로 무장한 완전체영웅의 레이드는 아직 끝나지 않았다!","앤트스튜디오,김오운,흑아인",카카오페이지,https://page.kakao.com/content/58834728,판타지,"#게임#레이드#환생#귀환#회귀#먼치킨#시스템#영웅/신화#천재#검사#마검사#용사#신",1380100.0,9.8,0,0,COMICS,NOT,https://page-images.kakaoentcdn.com/download/resource?kid=HsDhh/hAC1VFmaLR/leozJM0eQ4tu2dJHPRlZAk&filename=o1/dims/resize/384
120,네크로맨서 학교의 소환천재,"네크로맨서 진영과 프리스트 진영의 '100년 전쟁' 이후.힘의 구도를 뒤바꿀 역대급 인재가 태어났다.무엇을 상상하던 그 이상의 잠재력.아버지의 언데드 군단을 손에 넣고,대륙을 양분하는 위대한 네크로맨서 학교 '키젠'에 입학한다.엘리트들 사이에 있어도 천재는 천재.새로운 케이스의 등장에 연구계가 발칵 뒤집히고,온 왕국의 관계자들과 기관장들이 그를 영입하기 위해 몸이 달아있다.""교수님! 리치는 언제 만들 수 있나요?""""재능도 적당히 있어야지, 선 넘네. 진짜.""천재 중의 천재가 나타났다.","AZI,Hazelnutz,일제사격",카카오페이지,https://page.kakao.com/content/62727430,판타지,"#하렘#학원#천재#노력#성장#마법사#생존#네크로맨서#먼치킨#성직자#만능",1555300.0,9.9,0,0,COMICS,NOT,https://page-images.kakaoentcdn.com/download/resource?kid=c43TPM/hAd4ZMrhKa/5ktSjDkM9I1AHMMCEk3Kc1&filename=o1/dims/resize/384
121,마왕은 학원에 간다,"내가 쓴 소설의 악플을 읽다가 열 뻗쳐서 죽어버렸다.그렇게 갑자기 죽어버린 것도 어이가 없는 상황인데, 웬 저승사자(?)가 나타나 개연성 밥 말아 먹음의 죄로 인해 내가 쓴 소설에 들어가 엔딩 이후까지 살아남는 것으로 속죄해야 천국에 갈 수 있다고 말하기 시작했다.결국 내가 원하는 대로 <마왕은 죽었다> 소설 속으로 들어왔지만….""빌어먹을!!! 말도 안돼에에에!!""내가 빙의한 건 전투 능력 전무의 초반부터 죽고 시작하는…마왕의 아들?!","다온스튜디오,로노푸,글쟁이S",카카오페이지,https://page.kakao.com/content/60832522,판타지,"#차원이동#학원#빙의#시스템#영웅/신화#노력#성장#검사#초능력#마왕",443800.0,9.8,0,0,COMICS,NOT,https://page-images.kakaoentcdn.com/download/resource?kid=T6Kij/hAd4yVxgmf/iCKPLYsgm4XYDNw52pnOck&filename=o1/dims/resize/384
122,밥만 먹고 레벨업,"전 세계에 단 두 명만 존재하는 희귀병 폭식 결여증에 걸린 주인공. 하루하루 살기 위해 먹는 걸 조절하며 살아가고 있지만 희망이 없어보인다, 의사의 추천으로 시작하게 된 가상현실게임 '아테네'에서는 음식을 마음껏 먹고도 살이 찌지 않는데.살기 위해 게임을 하며 성장하는 식도락 판타지 라이프!","코개,박민규",카카오페이지,https://page.kakao.com/content/54801072,판타지,"#게임#먹방/요리#영지#천재#노력#성장#아티팩트#만능",4675800.0,9.9,0,0,COMICS,NOT,https://page-images.kakaoentcdn.com/download/resource?kid=vOkqV/hAd4tMUyCR/ZQPtmkpx8zhtP9qiZKv9i0&filename=o1/dims/resize/384
123,검술명가 막내아들,"진 룬칸델대륙 최고의 검술명가, 룬칸델의 막내아들룬칸델 역사상 최악의 둔재비참하게 쫓겨나 허무한 최후를 맞이한 그에게다시 한 번 기회가 주어졌다.“너는 이 힘을 어떻게 사용하고 싶더냐?”“저를 위해 사용하고 싶습니다.”전생의 기억과 압도적인 재능, 그리고 신과의 계약최강이 될 준비는 끝났다.","AZI,COBY(Contentslabblue),조고미,이제원,황제펭귄",카카오페이지,https://page.kakao.com/content/59264548,판타지,"#정통#회귀#먼치킨#천재#노력#성장#검사#마법사#마검사#명문세가#만능",5540400.0,9.9,0,0,COMICS,NOT,https://page-images.kakaoentcdn.com/download/resource?kid=kNihq/hAC1O63GSI/UJb9kHGkXSKSG6gtKt5Ba0&filename=o1/dims/resize/384
124,회귀했더니 공작,"위대한 황제 글라인의 아들이자'드래곤의 가호'를 받은 황태자 '아론'.하지만 숙부인 '제론'의 반란으로제국의 변방 '브란 영지'로 쫓겨나게 된다.​""제론 황제가 우릴 다 죽일 거야...""​복수도, 황위도 잊으라는 아버지의 유언을 지키며척박한 영지의 공작으로 무력하게 살아가던 어느 날,제론 황제는 브란 영지를 침공한다!그가 원하는 건 아론의 목숨뿐만이 아니었다.​브란 영지의 소멸!​제론 황제가 퍼붓는 화염 속으로 사라져 버리는아론 공작과 브란 영지를 지켜보던 충신 ‘가일’도결국 재가 되어 사라졌다.​아니, 그런 줄 알았다!​다시 눈을 떴을 때,젊은 날의 아론 공작이 된 자신을 발견한 가일!​""공작님처럼 힘을 숨기며 살진 않겠어!""​수단과 방법을 가리지 않고 영지를 발전시켜20년 후에 닥칠 제론 황제의 침공에 대비하고,빼앗긴 황제의 자리를 되찾기로 결심한다!​""제론 황제! 후회하게 해주마!""","이하주(비브로스팀),은단(비브로스팀),최봉근(악어스튜디오),고랭지",카카오페이지,https://page.kakao.com/content/59262003,판타지,없음,615500.0,9.7,0,0,COMICS,NOT,https://page-images.kakaoentcdn.com/download/resource?kid=Z3WaD/hAd4m7OQef/ZnMm7E8RGe1VGGQmrGObV1&filename=o1/dims/resize/384
125,망겜탈출!,"첫 출근을 일주일 앞두고 게임 속에 갇혀버린 26세 공인주.하필 그 게임은 서비스 종료까지딱! 7일 남은 희대의 망겜이었다.장황한 메인 퀘스트를 클리어해야만게임에서 탈출할 수 있다!병아리에게 구타 당하던 의문의 절세미남‘글로리아옥분’에게 첫눈에 반한 인주는그와 파티를 맺고 함께 탈출하기로 결심한다.하지만 렉과 버그가 난무하는 게임 속 세상은너무나 험난하고, 사랑하는 옥분과,그 외 파티원들은 하나같이 짐짝이나 다름없다.조별 과제의 조장이 된 기분으로인주는 오늘도 탈출이라는 과제를 묵묵히 수행한다.제발 무사히 탈출하게 해줘! 나 출근해야 돼!첫 출근을 위한 사회 초년생의처절한 탈출 로드무비가 시작된다!",홍장군,카카오페이지,https://page.kakao.com/content/61209274,판타지,"#게임#고인물#플레이어",39800.0,9.7,0,0,COMICS,NOT,https://page-images.kakaoentcdn.com/download/resource?kid=bqKOgP/hzR1UrQqSZ/xsrlbBi8azQDTWbQ1smyY1&filename=o1/dims/resize/384
126,마블 전기: 파괴의 신의 탄생,"15살 되도록 마블이 각성하지 않은 유안은 제국의 대장군이자 공작의 독자로서 사람들에게 호부견자라는 평가를 받고 있다. 16살이 되기 전에 마블을 각성하지 않으면 평생 마블리스트가 될 수 없다. 유안은 엎어진 인생이라 생각하고 평범한 인생을 살기로 했지만, 어느 날 우연히 조우한 자신의 약혼녀로부터 갖은 모욕을 받고 인생을 바꿔보겠다고 결심하고 입대를 결정, 죽는 한이 있어도 마블을 각성시키겠다고 다짐한다.그는 과연 아버지를 따라 스카이 마블리스트가 될 수 있을까?엘피스 전기 외전 '신계전설'과 '당문영웅전'에서 앨런의 최고의 도움꾼으로 등장하는 유안의 이야기가 시작된다.","당가삼소,Asoul·고리불키",카카오페이지,https://page.kakao.com/content/55911113,판타지,"#먼치킨#천재#노력#성장#검사#마법사#정령술사#마검사#망나니#신#이능력",73400.0,9.6,0,0,COMICS,NOT,https://page-images.kakaoentcdn.com/download/resource?kid=bdTQke/hyLjewQh2G/V4gocNskBYA0T3l6rAkFSk&filename=o1/dims/resize/384
127,신인왕좌,"유명 판타지 소설을 만화화 한 작품!마족이 강세하고 인류는 멸종 위기에 직면하였다. 인류는 6대 성전을 만들어 생존한 사람들을 이끌고 인류의 마지막 영토를 보호하기 위해 싸우고 있다.이런 혼탁한 어지러운 세상으로부터 어머니를 보호하기 위해 기사가 되겠다고 결심한 소년! 피나는 노력 끝에 기사 성전에 들어가 기사로 승급되는데.. .그런 그 소년에게 연이은 고난과 음모들이 일어난다… 그렇게 더욱 넓은 세상에 발을 들인 소년은 이 세상에 존재하는 어두운 악의 세력들을 접하게 되고, 이 세계와 사람들을 보호하기 위해서는 더더욱 강해져야 한다고 다짐한다…인류의 6대 성전과, 마족의 72주 마신이 얽히고설킨 이 혼탁한 세계, 소년은 과연 기사의 최고 영예를 뜻하는 신인왕좌에 오를 수 있을까?“매 하나의 신인왕좌에는 모두 신이 남긴 흔적이 있다. 난 언젠가는 한 명의 신인 기사가 될 것이다!”",Sariel,카카오페이지,https://page.kakao.com/content/47936014,판타지,"#천재#검사#마법사#격투가#용병#정령술사#용사#힐러",4977300.0,9.9,0,0,COMICS,NOT,https://page-images.kakaoentcdn.com/download/resource?kid=eYqVo/hzp2j7jGmS/8NCv9ta30NKSGRpkD17yQk&filename=o1/dims/resize/384
128,만년 후 미래에서 레벨업,"눈을 감으면 만년 후 세계에 도착한다.죽음이 가득한, 악몽같은 그곳에서 난 오히려 더 강해진다.","Changpan Warrior,faloo",카카오페이지,https://page.kakao.com/content/62909356,판타지,"#천재#노력#성장#시스템#이능력#초능력#먼치킨#생존",39400.0,9.5,0,0,COMICS,NOT,https://page-images.kakaoentcdn.com/download/resource?kid=TIcsw/hAd41iyCXW/zYwkpvMuzFK0w03u86fb71&filename=o1/dims/resize/384
